info A dev server is already running for this project on port 8081.
info Installing the app...
> Task :gradle-plugin:settings-plugin:checkKotlinGradlePluginConfigurationErrors SKIPPED
> Task :gradle-plugin:shared:checkKotlinGradlePluginConfigurationErrors SKIPPED
> Task :gradle-plugin:shared:compileKotlin UP-TO-DATE
> Task :gradle-plugin:shared:compileJava NO-SOURCE
> Task :gradle-plugin:shared:processResources NO-SOURCE
> Task :gradle-plugin:shared:classes UP-TO-DATE
> Task :gradle-plugin:shared:jar UP-TO-DATE
> Task :gradle-plugin:settings-plugin:compileKotlin UP-TO-DATE
> Task :gradle-plugin:settings-plugin:compileJava NO-SOURCE
> Task :gradle-plugin:settings-plugin:pluginDescriptors UP-TO-DATE
> Task :gradle-plugin:settings-plugin:processResources UP-TO-DATE
> Task :gradle-plugin:settings-plugin:classes UP-TO-DATE
> Task :gradle-plugin:settings-plugin:jar UP-TO-DATE
> Task :gradle-plugin:react-native-gradle-plugin:checkKotlinGradlePluginConfigurationErrors SKIPPED
> Task :expo-module-gradle-plugin:checkKotlinGradlePluginConfigurationErrors SKIPPED
> Task :expo-module-gradle-plugin:pluginDescriptors UP-TO-DATE
> Task :expo-module-gradle-plugin:processResources UP-TO-DATE
> Task :gradle-plugin:react-native-gradle-plugin:compileKotlin UP-TO-DATE
> Task :gradle-plugin:react-native-gradle-plugin:compileJava NO-SOURCE
> Task :gradle-plugin:react-native-gradle-plugin:pluginDescriptors UP-TO-DATE
> Task :gradle-plugin:react-native-gradle-plugin:processResources UP-TO-DATE
> Task :gradle-plugin:react-native-gradle-plugin:classes UP-TO-DATE
> Task :gradle-plugin:react-native-gradle-plugin:jar UP-TO-DATE
> Task :expo-module-gradle-plugin:compileKotlin UP-TO-DATE
> Task :expo-module-gradle-plugin:compileJava NO-SOURCE
> Task :expo-module-gradle-plugin:classes UP-TO-DATE
> Task :expo-module-gradle-plugin:jar UP-TO-DATE

> Configure project :app
Reading env from: .env

> Configure project :expo

Using expo modules
  - [32mexpo-asset[0m (12.0.10)
  - [32mexpo-constants[0m (18.0.10)
  - [32mexpo-file-system[0m (19.0.19)
  - [32mexpo-font[0m (14.0.9)
  - [32mexpo-keep-awake[0m (15.0.7)
  - [32mexpo-modules-core[0m (3.0.26)


> Configure project :react-native-reanimated
Android gradle plugin: 8.8.0
Gradle: 8.12

> Configure project :react-native-video
Kotlin version is correct: 2.0.21
AndroidX version is correct: 1.9.3
useExoplayerIMA: false
useExoplayerSmoothStreaming: true
useExoplayerDash: true
useExoplayerHls: true
useExoplayerRtsp: false
buildFromSource: false

> Task :app:checkKotlinGradlePluginConfigurationErrors SKIPPED
> Task :app:generateAutolinkingNewArchitectureFiles
> Task :app:generateAutolinkingPackageList
> Task :app:generateCodegenSchemaFromJavaScript SKIPPED
> Task :app:generateCodegenArtifactsFromSchema SKIPPED
> Task :app:preBuild
> Task :app:preDebugBuild
> Task :app:generateDebugBuildConfig
> Task :expo:generateExpoModulesPackageListTask
> Task :expo:preBuild
> Task :expo:preDebugBuild
> Task :expo-asset:preBuild UP-TO-DATE
> Task :expo-asset:preDebugBuild UP-TO-DATE
> Task :expo:writeDebugAarMetadata
> Task :expo-asset:writeDebugAarMetadata

> Task :expo-constants:createExpoConfig
env: load .env
env: export FIREBASE_API_KEY FIREBASE_AUTH_DOMAIN FIREBASE_PROJECT_ID FIREBASE_STORAGE_BUCKET FIREBASE_MESSAGING_SENDER_ID FIREBASE_APP_ID GEMINI_API_KEY

> Task :expo-constants:preBuild
> Task :expo-constants:preDebugBuild
> Task :expo-file-system:preBuild UP-TO-DATE
> Task :expo-file-system:preDebugBuild UP-TO-DATE
> Task :expo-constants:writeDebugAarMetadata
> Task :expo-font:preBuild UP-TO-DATE
> Task :expo-font:preDebugBuild UP-TO-DATE
> Task :expo-file-system:writeDebugAarMetadata
> Task :expo-keep-awake:preBuild UP-TO-DATE
> Task :expo-font:writeDebugAarMetadata
> Task :expo-keep-awake:preDebugBuild UP-TO-DATE
> Task :expo-modules-core:preBuild UP-TO-DATE
> Task :expo-modules-core:preDebugBuild UP-TO-DATE
> Task :expo-keep-awake:writeDebugAarMetadata
> Task :expo-modules-core:writeDebugAarMetadata
> Task :react-native-async-storage_async-storage:generateCodegenSchemaFromJavaScript
> Task :react-native-async-storage_async-storage:generateCodegenArtifactsFromSchema
> Task :react-native-async-storage_async-storage:preBuild
> Task :react-native-async-storage_async-storage:preDebugBuild
> Task :react-native-async-storage_async-storage:writeDebugAarMetadata
> Task :react-native-community_blur:generateCodegenSchemaFromJavaScript
> Task :react-native-community_blur:generateCodegenArtifactsFromSchema
> Task :react-native-community_blur:preBuild
> Task :react-native-community_blur:preDebugBuild
> Task :react-native-community_blur:writeDebugAarMetadata
> Task :react-native-community_datetimepicker:generateCodegenSchemaFromJavaScript
> Task :react-native-community_datetimepicker:generateCodegenArtifactsFromSchema
> Task :react-native-community_datetimepicker:preBuild
> Task :react-native-community_datetimepicker:preDebugBuild
> Task :react-native-community_datetimepicker:writeDebugAarMetadata
> Task :react-native-community_slider:generateCodegenSchemaFromJavaScript
> Task :react-native-community_slider:generateCodegenArtifactsFromSchema
> Task :react-native-community_slider:preBuild
> Task :react-native-community_slider:preDebugBuild
> Task :react-native-community_slider:writeDebugAarMetadata
> Task :react-native-gesture-handler:generateCodegenSchemaFromJavaScript
> Task :react-native-gesture-handler:generateCodegenArtifactsFromSchema
> Task :react-native-gesture-handler:preBuild
> Task :react-native-gesture-handler:preDebugBuild
> Task :react-native-gesture-handler:writeDebugAarMetadata
> Task :react-native-image-picker:generateCodegenSchemaFromJavaScript
> Task :react-native-image-picker:generateCodegenArtifactsFromSchema
> Task :react-native-image-picker:preBuild
> Task :react-native-image-picker:preDebugBuild
> Task :react-native-linear-gradient:preBuild UP-TO-DATE
> Task :react-native-linear-gradient:preDebugBuild UP-TO-DATE
> Task :react-native-image-picker:writeDebugAarMetadata
> Task :react-native-linear-gradient:writeDebugAarMetadata
> Task :react-native-permissions:generateCodegenSchemaFromJavaScript
> Task :react-native-permissions:generateCodegenArtifactsFromSchema
> Task :react-native-permissions:preBuild
> Task :react-native-permissions:preDebugBuild
> Task :react-native-permissions:writeDebugAarMetadata
> Task :react-native-reanimated:assertMinimalReactNativeVersionTask SKIPPED
> Task :react-native-reanimated:generateCodegenSchemaFromJavaScript
> Task :react-native-reanimated:generateCodegenArtifactsFromSchema
> Task :react-native-reanimated:prepareReanimatedHeadersForPrefabs
> Task :react-native-reanimated:prepareWorkletsHeadersForPrefabs
> Task :react-native-reanimated:preBuild
> Task :react-native-reanimated:preDebugBuild
> Task :react-native-reanimated:writeDebugAarMetadata
> Task :react-native-safe-area-context:generateCodegenSchemaFromJavaScript
> Task :react-native-safe-area-context:generateCodegenArtifactsFromSchema
> Task :react-native-safe-area-context:preBuild
> Task :react-native-safe-area-context:preDebugBuild
> Task :react-native-safe-area-context:writeDebugAarMetadata
> Task :react-native-screens:generateCodegenSchemaFromJavaScript
> Task :react-native-screens:generateCodegenArtifactsFromSchema
> Task :react-native-screens:preBuild
> Task :react-native-screens:preDebugBuild
> Task :react-native-screens:writeDebugAarMetadata
> Task :react-native-svg:generateCodegenSchemaFromJavaScript
> Task :react-native-svg:generateCodegenArtifactsFromSchema
> Task :react-native-svg:preBuild
> Task :react-native-svg:preDebugBuild
> Task :react-native-svg:writeDebugAarMetadata
> Task :react-native-vector-icons:generateCodegenSchemaFromJavaScript
> Task :react-native-vector-icons:generateCodegenArtifactsFromSchema
> Task :react-native-vector-icons:preBuild
> Task :react-native-vector-icons:preDebugBuild
> Task :react-native-vector-icons:writeDebugAarMetadata
> Task :react-native-video:preBuild UP-TO-DATE
> Task :react-native-video:preDebugBuild UP-TO-DATE
> Task :react-native-video:writeDebugAarMetadata
> Task :react-native-webview:generateCodegenSchemaFromJavaScript
> Task :react-native-webview:generateCodegenArtifactsFromSchema
> Task :react-native-webview:preBuild
> Task :react-native-webview:preDebugBuild
> Task :react-native-webview:writeDebugAarMetadata
> Task :app:generateDebugResValues
> Task :app:processDebugGoogleServices
> Task :expo:generateDebugResValues
> Task :expo:generateDebugResources
> Task :app:checkDebugAarMetadata
> Task :expo:packageDebugResources
> Task :expo-asset:generateDebugResValues
> Task :expo-asset:generateDebugResources
> Task :expo-asset:packageDebugResources
> Task :expo-constants:generateDebugResValues
> Task :expo-constants:generateDebugResources
> Task :expo-constants:packageDebugResources
> Task :expo-file-system:generateDebugResValues
> Task :expo-file-system:generateDebugResources
> Task :expo-file-system:packageDebugResources
> Task :expo-font:generateDebugResValues
> Task :expo-font:generateDebugResources
> Task :expo-font:packageDebugResources
> Task :expo-keep-awake:generateDebugResValues
> Task :expo-keep-awake:generateDebugResources
> Task :expo-keep-awake:packageDebugResources
> Task :expo-modules-core:generateDebugResValues
> Task :expo-modules-core:generateDebugResources
> Task :expo-modules-core:packageDebugResources
> Task :react-native-async-storage_async-storage:generateDebugResValues
> Task :react-native-async-storage_async-storage:generateDebugResources
> Task :react-native-async-storage_async-storage:packageDebugResources
> Task :react-native-community_blur:generateDebugResValues
> Task :react-native-community_blur:generateDebugResources
> Task :react-native-community_blur:packageDebugResources
> Task :react-native-community_datetimepicker:generateDebugResValues
> Task :react-native-community_datetimepicker:generateDebugResources
> Task :react-native-community_datetimepicker:packageDebugResources
> Task :react-native-community_slider:generateDebugResValues
> Task :react-native-community_slider:generateDebugResources
> Task :react-native-community_slider:packageDebugResources
> Task :react-native-gesture-handler:generateDebugResValues
> Task :react-native-gesture-handler:generateDebugResources
> Task :react-native-gesture-handler:packageDebugResources
> Task :react-native-image-picker:generateDebugResValues
> Task :react-native-image-picker:generateDebugResources
> Task :react-native-image-picker:packageDebugResources
> Task :react-native-linear-gradient:generateDebugResValues
> Task :react-native-linear-gradient:generateDebugResources
> Task :react-native-linear-gradient:packageDebugResources
> Task :react-native-permissions:generateDebugResValues
> Task :react-native-permissions:generateDebugResources
> Task :react-native-permissions:packageDebugResources
> Task :react-native-reanimated:generateDebugResValues
> Task :react-native-reanimated:generateDebugResources
> Task :react-native-reanimated:packageDebugResources
> Task :react-native-safe-area-context:generateDebugResValues
> Task :react-native-safe-area-context:generateDebugResources
> Task :react-native-safe-area-context:packageDebugResources
> Task :react-native-screens:generateDebugResValues
> Task :react-native-screens:generateDebugResources
> Task :react-native-screens:packageDebugResources
> Task :react-native-svg:generateDebugResValues
> Task :react-native-svg:generateDebugResources
> Task :react-native-svg:packageDebugResources
> Task :react-native-vector-icons:generateDebugResValues
> Task :react-native-vector-icons:generateDebugResources
> Task :react-native-vector-icons:packageDebugResources
> Task :react-native-video:generateDebugResValues
> Task :react-native-video:generateDebugResources
> Task :react-native-video:packageDebugResources
> Task :react-native-webview:generateDebugResValues
> Task :react-native-webview:generateDebugResources
> Task :react-native-webview:packageDebugResources
> Task :app:mapDebugSourceSetPaths
> Task :app:generateDebugResources
> Task :app:packageDebugResources
> Task :app:createDebugCompatibleScreenManifests
> Task :app:extractDeepLinksDebug
> Task :expo:extractDeepLinksDebug
> Task :expo-asset:extractDeepLinksDebug
> Task :expo-constants:extractDeepLinksDebug
> Task :expo-file-system:extractDeepLinksDebug
> Task :expo-font:extractDeepLinksDebug
> Task :expo-keep-awake:extractDeepLinksDebug
> Task :expo-modules-core:extractDeepLinksDebug
> Task :react-native-async-storage_async-storage:extractDeepLinksDebug
> Task :react-native-community_blur:extractDeepLinksDebug
> Task :react-native-community_datetimepicker:extractDeepLinksDebug
> Task :app:parseDebugLocalResources
> Task :react-native-community_slider:extractDeepLinksDebug
> Task :expo-constants:processDebugManifest
> Task :react-native-community_datetimepicker:processDebugManifest

> Task :expo-file-system:processDebugManifest
/Users/nhfd_dev_mac/projects/nhcfr-wellness-app/node_modules/expo-file-system/android/src/main/AndroidManifest.xml:6:9-8:20 Warning:
	provider#expo.modules.filesystem.FileSystemFileProvider@android:authorities was tagged at AndroidManifest.xml:6 to replace other declarations but no other declaration present

> Task :react-native-async-storage_async-storage:processDebugManifest
package="com.reactnativecommunity.asyncstorage" found in source AndroidManifest.xml: /Users/nhfd_dev_mac/projects/nhcfr-wellness-app/node_modules/@react-native-async-storage/async-storage/android/src/main/AndroidManifest.xml.
Setting the namespace via the package attribute in the source AndroidManifest.xml is no longer supported, and the value is ignored.
Recommendation: remove package="com.reactnativecommunity.asyncstorage" from the source AndroidManifest.xml: /Users/nhfd_dev_mac/projects/nhcfr-wellness-app/node_modules/@react-native-async-storage/async-storage/android/src/main/AndroidManifest.xml.

> Task :react-native-gesture-handler:extractDeepLinksDebug
> Task :expo-keep-awake:processDebugManifest
> Task :expo-font:processDebugManifest
> Task :expo-asset:processDebugManifest

> Task :react-native-community_slider:processDebugManifest
package="com.reactnativecommunity.slider" found in source AndroidManifest.xml: /Users/nhfd_dev_mac/projects/nhcfr-wellness-app/node_modules/@react-native-community/slider/android/src/main/AndroidManifest.xml.
Setting the namespace via the package attribute in the source AndroidManifest.xml is no longer supported, and the value is ignored.
Recommendation: remove package="com.reactnativecommunity.slider" from the source AndroidManifest.xml: /Users/nhfd_dev_mac/projects/nhcfr-wellness-app/node_modules/@react-native-community/slider/android/src/main/AndroidManifest.xml.

> Task :expo-modules-core:processDebugManifest
/Users/nhfd_dev_mac/projects/nhcfr-wellness-app/node_modules/expo-modules-core/android/src/main/AndroidManifest.xml:8:9-11:45 Warning:
	meta-data#com.facebook.soloader.enabled@android:value was tagged at AndroidManifest.xml:8 to replace other declarations but no other declaration present

> Task :react-native-community_blur:processDebugManifest
package="com.reactnativecommunity.blurview" found in source AndroidManifest.xml: /Users/nhfd_dev_mac/projects/nhcfr-wellness-app/node_modules/@react-native-community/blur/android/src/main/AndroidManifest.xml.
Setting the namespace via the package attribute in the source AndroidManifest.xml is no longer supported, and the value is ignored.
Recommendation: remove package="com.reactnativecommunity.blurview" from the source AndroidManifest.xml: /Users/nhfd_dev_mac/projects/nhcfr-wellness-app/node_modules/@react-native-community/blur/android/src/main/AndroidManifest.xml.

> Task :expo:processDebugManifest
> Task :react-native-image-picker:extractDeepLinksDebug
> Task :react-native-gesture-handler:processDebugManifest
> Task :react-native-linear-gradient:extractDeepLinksDebug

> Task :react-native-image-picker:processDebugManifest
package="com.imagepicker" found in source AndroidManifest.xml: /Users/nhfd_dev_mac/projects/nhcfr-wellness-app/node_modules/react-native-image-picker/android/src/main/AndroidManifest.xml.
Setting the namespace via the package attribute in the source AndroidManifest.xml is no longer supported, and the value is ignored.
Recommendation: remove package="com.imagepicker" from the source AndroidManifest.xml: /Users/nhfd_dev_mac/projects/nhcfr-wellness-app/node_modules/react-native-image-picker/android/src/main/AndroidManifest.xml.

> Task :react-native-permissions:extractDeepLinksDebug

> Task :react-native-linear-gradient:processDebugManifest
package="com.BV.LinearGradient" found in source AndroidManifest.xml: /Users/nhfd_dev_mac/projects/nhcfr-wellness-app/node_modules/react-native-linear-gradient/android/src/main/AndroidManifest.xml.
Setting the namespace via the package attribute in the source AndroidManifest.xml is no longer supported, and the value is ignored.
Recommendation: remove package="com.BV.LinearGradient" from the source AndroidManifest.xml: /Users/nhfd_dev_mac/projects/nhcfr-wellness-app/node_modules/react-native-linear-gradient/android/src/main/AndroidManifest.xml.

> Task :react-native-reanimated:extractDeepLinksDebug
> Task :react-native-permissions:processDebugManifest
> Task :react-native-safe-area-context:extractDeepLinksDebug
> Task :react-native-reanimated:processDebugManifest
> Task :react-native-screens:extractDeepLinksDebug

> Task :react-native-safe-area-context:processDebugManifest
package="com.th3rdwave.safeareacontext" found in source AndroidManifest.xml: /Users/nhfd_dev_mac/projects/nhcfr-wellness-app/node_modules/react-native-safe-area-context/android/src/main/AndroidManifest.xml.
Setting the namespace via the package attribute in the source AndroidManifest.xml is no longer supported, and the value is ignored.
Recommendation: remove package="com.th3rdwave.safeareacontext" from the source AndroidManifest.xml: /Users/nhfd_dev_mac/projects/nhcfr-wellness-app/node_modules/react-native-safe-area-context/android/src/main/AndroidManifest.xml.

> Task :react-native-svg:extractDeepLinksDebug
> Task :react-native-screens:processDebugManifest
> Task :react-native-vector-icons:extractDeepLinksDebug
> Task :react-native-video:extractDeepLinksDebug
> Task :react-native-svg:processDebugManifest

> Task :react-native-vector-icons:processDebugManifest
package="com.oblador.vectoricons" found in source AndroidManifest.xml: /Users/nhfd_dev_mac/projects/nhcfr-wellness-app/node_modules/react-native-vector-icons/android/src/main/AndroidManifest.xml.
Setting the namespace via the package attribute in the source AndroidManifest.xml is no longer supported, and the value is ignored.
Recommendation: remove package="com.oblador.vectoricons" from the source AndroidManifest.xml: /Users/nhfd_dev_mac/projects/nhcfr-wellness-app/node_modules/react-native-vector-icons/android/src/main/AndroidManifest.xml.

> Task :react-native-webview:extractDeepLinksDebug
> Task :react-native-video:processDebugManifest
> Task :react-native-webview:processDebugManifest
> Task :expo:compileDebugLibraryResources

> Task :app:processDebugMainManifest
/Users/nhfd_dev_mac/projects/nhcfr-wellness-app/android/app/src/debug/AndroidManifest.xml Warning:
	provider#expo.modules.filesystem.FileSystemFileProvider@android:authorities was tagged at AndroidManifest.xml:0 to replace other declarations but no other declaration present

> Task :app:processDebugManifest
> Task :expo-asset:compileDebugLibraryResources
> Task :expo-constants:compileDebugLibraryResources
> Task :expo-asset:parseDebugLocalResources
> Task :app:processDebugManifestForPackage
> Task :expo-constants:parseDebugLocalResources
> Task :expo:parseDebugLocalResources
> Task :app:mergeDebugResources
> Task :expo-font:compileDebugLibraryResources
> Task :expo-file-system:compileDebugLibraryResources
> Task :expo-file-system:parseDebugLocalResources
> Task :expo-font:parseDebugLocalResources
> Task :expo-file-system:generateDebugRFile
> Task :expo-keep-awake:compileDebugLibraryResources
> Task :expo-asset:generateDebugRFile
> Task :expo-constants:generateDebugRFile
> Task :expo-font:generateDebugRFile
> Task :expo:generateDebugRFile
> Task :expo-keep-awake:parseDebugLocalResources
> Task :expo-modules-core:compileDebugLibraryResources
> Task :expo-keep-awake:generateDebugRFile
> Task :expo-modules-core:parseDebugLocalResources
> Task :react-native-async-storage_async-storage:compileDebugLibraryResources
> Task :expo-modules-core:generateDebugRFile
> Task :react-native-async-storage_async-storage:parseDebugLocalResources
> Task :react-native-community_blur:compileDebugLibraryResources
> Task :react-native-community_blur:parseDebugLocalResources
> Task :react-native-async-storage_async-storage:generateDebugRFile
> Task :react-native-community_datetimepicker:compileDebugLibraryResources
> Task :react-native-community_slider:compileDebugLibraryResources
> Task :react-native-community_datetimepicker:parseDebugLocalResources
> Task :react-native-community_slider:parseDebugLocalResources
> Task :react-native-gesture-handler:compileDebugLibraryResources
> Task :react-native-community_blur:generateDebugRFile
> Task :react-native-community_datetimepicker:generateDebugRFile
> Task :react-native-community_slider:generateDebugRFile
> Task :react-native-image-picker:compileDebugLibraryResources
> Task :react-native-gesture-handler:parseDebugLocalResources
> Task :react-native-image-picker:parseDebugLocalResources
> Task :react-native-linear-gradient:compileDebugLibraryResources
> Task :react-native-gesture-handler:generateDebugRFile
> Task :react-native-linear-gradient:parseDebugLocalResources
> Task :react-native-image-picker:generateDebugRFile
> Task :react-native-permissions:compileDebugLibraryResources
> Task :react-native-linear-gradient:generateDebugRFile
> Task :react-native-permissions:parseDebugLocalResources
> Task :react-native-reanimated:compileDebugLibraryResources
> Task :react-native-reanimated:parseDebugLocalResources
> Task :react-native-permissions:generateDebugRFile
> Task :react-native-safe-area-context:compileDebugLibraryResources
> Task :react-native-safe-area-context:parseDebugLocalResources
> Task :react-native-reanimated:generateDebugRFile
> Task :react-native-screens:parseDebugLocalResources
> Task :react-native-svg:compileDebugLibraryResources
> Task :react-native-safe-area-context:generateDebugRFile
> Task :react-native-screens:compileDebugLibraryResources
> Task :react-native-screens:generateDebugRFile
> Task :react-native-vector-icons:compileDebugLibraryResources
> Task :react-native-svg:parseDebugLocalResources
> Task :react-native-svg:generateDebugRFile
> Task :react-native-vector-icons:parseDebugLocalResources
> Task :react-native-video:compileDebugLibraryResources
> Task :react-native-video:parseDebugLocalResources
> Task :react-native-vector-icons:generateDebugRFile
> Task :react-native-video:generateDebugRFile
> Task :expo:checkKotlinGradlePluginConfigurationErrors SKIPPED
> Task :react-native-webview:parseDebugLocalResources
> Task :expo:generateDebugBuildConfig
> Task :react-native-webview:compileDebugLibraryResources
> Task :expo-asset:checkKotlinGradlePluginConfigurationErrors SKIPPED
> Task :expo-asset:generateDebugBuildConfig
> Task :expo-modules-core:checkKotlinGradlePluginConfigurationErrors SKIPPED
> Task :react-native-webview:generateDebugRFile
> Task :expo-modules-core:generateDebugBuildConfig
> Task :expo-constants:checkKotlinGradlePluginConfigurationErrors SKIPPED
> Task :expo-asset:javaPreCompileDebug
> Task :expo-modules-core:javaPreCompileDebug
> Task :expo-constants:generateDebugBuildConfig
> Task :expo-file-system:checkKotlinGradlePluginConfigurationErrors SKIPPED
> Task :expo-constants:javaPreCompileDebug
> Task :expo-file-system:generateDebugBuildConfig
> Task :expo-font:checkKotlinGradlePluginConfigurationErrors SKIPPED
> Task :expo-file-system:javaPreCompileDebug
> Task :expo-font:generateDebugBuildConfig
> Task :expo-keep-awake:checkKotlinGradlePluginConfigurationErrors SKIPPED
> Task :expo-font:javaPreCompileDebug
> Task :expo-keep-awake:generateDebugBuildConfig
> Task :expo-keep-awake:javaPreCompileDebug
> Task :expo:javaPreCompileDebug
> Task :react-native-async-storage_async-storage:generateDebugBuildConfig
> Task :react-native-async-storage_async-storage:javaPreCompileDebug
> Task :react-native-community_blur:generateDebugBuildConfig
> Task :app:processDebugResources

> Task :react-native-async-storage_async-storage:compileDebugJavaWithJavac

> Task :react-native-community_datetimepicker:checkKotlinGradlePluginConfigurationErrors SKIPPED
> Task :react-native-community_blur:javaPreCompileDebug
> Task :react-native-community_datetimepicker:generateDebugBuildConfig
> Task :react-native-async-storage_async-storage:bundleLibCompileToJarDebug
> Task :react-native-community_blur:compileDebugJavaWithJavac
> Task :react-native-community_blur:bundleLibCompileToJarDebug
> Task :react-native-community_datetimepicker:javaPreCompileDebug
> Task :react-native-community_slider:generateDebugBuildConfig
> Task :react-native-gesture-handler:checkKotlinGradlePluginConfigurationErrors SKIPPED
> Task :react-native-community_slider:javaPreCompileDebug
> Task :react-native-gesture-handler:generateDebugBuildConfig

> Task :react-native-community_slider:compileDebugJavaWithJavac

> Task :react-native-reanimated:generateDebugBuildConfig
> Task :react-native-reanimated:packageNdkLibs NO-SOURCE
> Task :react-native-reanimated:javaPreCompileDebug
> Task :react-native-community_slider:bundleLibCompileToJarDebug
> Task :react-native-svg:generateDebugBuildConfig

> Task :react-native-reanimated:compileDebugJavaWithJavac

> Task :react-native-svg:javaPreCompileDebug
> Task :react-native-reanimated:bundleLibCompileToJarDebug
> Task :react-native-gesture-handler:javaPreCompileDebug

> Task :react-native-svg:compileDebugJavaWithJavac

> Task :react-native-image-picker:generateDebugBuildConfig
> Task :react-native-image-picker:javaPreCompileDebug
> Task :react-native-linear-gradient:generateDebugBuildConfig
> Task :react-native-svg:bundleLibCompileToJarDebug

> Task :react-native-image-picker:compileDebugJavaWithJavac

> Task :react-native-image-picker:bundleLibCompileToJarDebug
> Task :react-native-linear-gradient:javaPreCompileDebug
> Task :react-native-linear-gradient:compileDebugJavaWithJavac
> Task :react-native-permissions:checkKotlinGradlePluginConfigurationErrors SKIPPED
> Task :react-native-linear-gradient:bundleLibCompileToJarDebug
> Task :react-native-permissions:generateDebugBuildConfig
> Task :react-native-safe-area-context:checkKotlinGradlePluginConfigurationErrors SKIPPED
> Task :react-native-permissions:javaPreCompileDebug
> Task :react-native-safe-area-context:generateDebugBuildConfig
> Task :react-native-screens:checkKotlinGradlePluginConfigurationErrors SKIPPED
> Task :react-native-safe-area-context:javaPreCompileDebug
> Task :react-native-screens:generateDebugBuildConfig
> Task :react-native-screens:javaPreCompileDebug
> Task :react-native-vector-icons:generateDebugBuildConfig
> Task :react-native-video:checkKotlinGradlePluginConfigurationErrors SKIPPED
> Task :react-native-vector-icons:javaPreCompileDebug
> Task :react-native-video:generateDebugBuildConfig

> Task :react-native-vector-icons:compileDebugJavaWithJavac

> Task :react-native-vector-icons:bundleLibCompileToJarDebug
> Task :react-native-webview:checkKotlinGradlePluginConfigurationErrors SKIPPED
> Task :react-native-video:javaPreCompileDebug
> Task :react-native-webview:generateDebugBuildConfig
> Task :react-native-webview:javaPreCompileDebug
> Task :app:javaPreCompileDebug
> Task :app:mergeDebugShaders
> Task :app:compileDebugShaders NO-SOURCE
> Task :app:copyReactNativeVectorIconFonts
> Task :app:generateDebugAssets
> Task :expo:mergeDebugShaders
> Task :expo:compileDebugShaders NO-SOURCE
> Task :expo:generateDebugAssets UP-TO-DATE
> Task :expo:packageDebugAssets
> Task :expo-asset:mergeDebugShaders
> Task :expo-asset:compileDebugShaders NO-SOURCE
> Task :expo-asset:generateDebugAssets UP-TO-DATE
> Task :expo-asset:packageDebugAssets
> Task :expo-constants:mergeDebugShaders
> Task :expo-constants:compileDebugShaders NO-SOURCE
> Task :expo-constants:generateDebugAssets UP-TO-DATE
> Task :expo-constants:packageDebugAssets
> Task :expo-file-system:mergeDebugShaders
> Task :expo-file-system:compileDebugShaders NO-SOURCE
> Task :expo-file-system:generateDebugAssets UP-TO-DATE
> Task :expo-file-system:packageDebugAssets
> Task :expo-font:mergeDebugShaders
> Task :expo-font:compileDebugShaders NO-SOURCE
> Task :expo-font:generateDebugAssets UP-TO-DATE
> Task :expo-font:packageDebugAssets
> Task :expo-keep-awake:mergeDebugShaders
> Task :expo-keep-awake:compileDebugShaders NO-SOURCE
> Task :expo-keep-awake:generateDebugAssets UP-TO-DATE
> Task :expo-keep-awake:packageDebugAssets
> Task :expo-modules-core:mergeDebugShaders
> Task :expo-modules-core:compileDebugShaders NO-SOURCE
> Task :expo-modules-core:generateDebugAssets UP-TO-DATE
> Task :expo-modules-core:packageDebugAssets
> Task :react-native-async-storage_async-storage:mergeDebugShaders
> Task :react-native-async-storage_async-storage:compileDebugShaders NO-SOURCE
> Task :react-native-async-storage_async-storage:generateDebugAssets UP-TO-DATE
> Task :react-native-async-storage_async-storage:packageDebugAssets
> Task :react-native-community_blur:mergeDebugShaders
> Task :react-native-community_blur:compileDebugShaders NO-SOURCE
> Task :react-native-community_blur:generateDebugAssets UP-TO-DATE
> Task :react-native-community_blur:packageDebugAssets
> Task :react-native-community_datetimepicker:mergeDebugShaders
> Task :react-native-community_datetimepicker:compileDebugShaders NO-SOURCE
> Task :react-native-community_datetimepicker:generateDebugAssets UP-TO-DATE
> Task :react-native-community_datetimepicker:packageDebugAssets
> Task :react-native-community_slider:mergeDebugShaders
> Task :react-native-community_slider:compileDebugShaders NO-SOURCE
> Task :react-native-community_slider:generateDebugAssets UP-TO-DATE
> Task :react-native-community_slider:packageDebugAssets
> Task :react-native-gesture-handler:mergeDebugShaders
> Task :react-native-gesture-handler:compileDebugShaders NO-SOURCE
> Task :react-native-gesture-handler:generateDebugAssets UP-TO-DATE
> Task :react-native-gesture-handler:packageDebugAssets
> Task :react-native-image-picker:mergeDebugShaders
> Task :react-native-image-picker:compileDebugShaders NO-SOURCE
> Task :react-native-image-picker:generateDebugAssets UP-TO-DATE
> Task :react-native-image-picker:packageDebugAssets
> Task :react-native-linear-gradient:mergeDebugShaders
> Task :react-native-linear-gradient:compileDebugShaders NO-SOURCE
> Task :react-native-linear-gradient:generateDebugAssets UP-TO-DATE
> Task :react-native-linear-gradient:packageDebugAssets
> Task :react-native-permissions:mergeDebugShaders
> Task :react-native-permissions:compileDebugShaders NO-SOURCE
> Task :react-native-permissions:generateDebugAssets UP-TO-DATE
> Task :react-native-permissions:packageDebugAssets
> Task :react-native-reanimated:mergeDebugShaders
> Task :react-native-reanimated:compileDebugShaders NO-SOURCE
> Task :react-native-reanimated:generateDebugAssets UP-TO-DATE
> Task :react-native-reanimated:packageDebugAssets
> Task :react-native-safe-area-context:mergeDebugShaders
> Task :react-native-safe-area-context:compileDebugShaders NO-SOURCE
> Task :react-native-safe-area-context:generateDebugAssets UP-TO-DATE
> Task :react-native-safe-area-context:packageDebugAssets
> Task :react-native-screens:mergeDebugShaders
> Task :react-native-screens:compileDebugShaders NO-SOURCE
> Task :react-native-screens:generateDebugAssets UP-TO-DATE
> Task :react-native-screens:packageDebugAssets
> Task :react-native-svg:mergeDebugShaders
> Task :react-native-svg:compileDebugShaders NO-SOURCE
> Task :react-native-svg:generateDebugAssets UP-TO-DATE
> Task :react-native-svg:packageDebugAssets
> Task :react-native-vector-icons:mergeDebugShaders
> Task :react-native-vector-icons:compileDebugShaders NO-SOURCE
> Task :react-native-vector-icons:generateDebugAssets UP-TO-DATE
> Task :react-native-vector-icons:packageDebugAssets
> Task :react-native-video:mergeDebugShaders
> Task :react-native-video:compileDebugShaders NO-SOURCE
> Task :react-native-video:generateDebugAssets UP-TO-DATE
> Task :react-native-video:packageDebugAssets
> Task :react-native-webview:mergeDebugShaders
> Task :react-native-webview:compileDebugShaders NO-SOURCE
> Task :react-native-webview:generateDebugAssets UP-TO-DATE
> Task :react-native-webview:packageDebugAssets
> Task :app:mergeDebugAssets
> Task :react-native-async-storage_async-storage:bundleLibRuntimeToJarDebug
> Task :react-native-community_blur:bundleLibRuntimeToJarDebug
> Task :react-native-community_slider:bundleLibRuntimeToJarDebug
> Task :app:compressDebugAssets
> Task :react-native-image-picker:bundleLibRuntimeToJarDebug
> Task :react-native-linear-gradient:bundleLibRuntimeToJarDebug
> Task :react-native-reanimated:bundleLibRuntimeToJarDebug
> Task :react-native-svg:bundleLibRuntimeToJarDebug
> Task :react-native-vector-icons:bundleLibRuntimeToJarDebug
> Task :app:desugarDebugFileDependencies
> Task :react-native-async-storage_async-storage:processDebugJavaRes NO-SOURCE
> Task :react-native-community_blur:processDebugJavaRes NO-SOURCE
> Task :react-native-community_slider:processDebugJavaRes NO-SOURCE
> Task :react-native-image-picker:processDebugJavaRes NO-SOURCE
> Task :react-native-linear-gradient:processDebugJavaRes NO-SOURCE
> Task :react-native-reanimated:processDebugJavaRes NO-SOURCE
> Task :react-native-svg:processDebugJavaRes NO-SOURCE
> Task :react-native-vector-icons:processDebugJavaRes NO-SOURCE
> Task :react-native-async-storage_async-storage:bundleLibRuntimeToDirDebug
> Task :app:checkDebugDuplicateClasses
> Task :react-native-community_blur:bundleLibRuntimeToDirDebug
> Task :react-native-community_slider:bundleLibRuntimeToDirDebug
> Task :react-native-image-picker:bundleLibRuntimeToDirDebug
> Task :react-native-linear-gradient:bundleLibRuntimeToDirDebug

> Task :react-native-permissions:compileDebugKotlin
w: file:///Users/nhfd_dev_mac/projects/nhcfr-wellness-app/node_modules/react-native-permissions/android/src/main/java/com/zoontek/rnpermissions/RNPermissionsPackage.kt:3:8 'class TurboReactPackage : BaseReactPackage' is deprecated. Use BaseReactPackage instead.
w: file:///Users/nhfd_dev_mac/projects/nhcfr-wellness-app/node_modules/react-native-permissions/android/src/main/java/com/zoontek/rnpermissions/RNPermissionsPackage.kt:9:30 'class TurboReactPackage : BaseReactPackage' is deprecated. Use BaseReactPackage instead.
w: file:///Users/nhfd_dev_mac/projects/nhcfr-wellness-app/node_modules/react-native-permissions/android/src/main/java/com/zoontek/rnpermissions/RNPermissionsPackage.kt:22:24 'constructor(name: String, className: String, canOverrideExistingModule: Boolean, needsEagerInit: Boolean, hasConstants: Boolean, isCxxModule: Boolean, isTurboModule: Boolean): ReactModuleInfo' is deprecated. This constructor is deprecated and will be removed in the future. Use ReactModuleInfo(String, String, boolean, boolean, boolean, boolean)].

> Task :react-native-reanimated:bundleLibRuntimeToDirDebug
> Task :react-native-community_datetimepicker:compileDebugKotlin
> Task :react-native-permissions:compileDebugJavaWithJavac

> Task :react-native-community_datetimepicker:compileDebugJavaWithJavac

> Task :react-native-community_datetimepicker:bundleLibCompileToJarDebug
> Task :react-native-permissions:bundleLibCompileToJarDebug
> Task :react-native-permissions:bundleLibRuntimeToJarDebug
> Task :react-native-community_datetimepicker:bundleLibRuntimeToJarDebug
> Task :react-native-community_datetimepicker:processDebugJavaRes
> Task :react-native-permissions:processDebugJavaRes
> Task :react-native-community_datetimepicker:bundleLibRuntimeToDirDebug
> Task :react-native-permissions:bundleLibRuntimeToDirDebug
> Task :react-native-vector-icons:bundleLibRuntimeToDirDebug
> Task :react-native-svg:bundleLibRuntimeToDirDebug

> Task :react-native-webview:compileDebugKotlin
w: file:///Users/nhfd_dev_mac/projects/nhcfr-wellness-app/node_modules/react-native-webview/android/src/main/java/com/reactnativecommunity/webview/RNCWebViewManagerImpl.kt:22:8 'class MapBuilder : Any' is deprecated. Deprecated in Java.
w: file:///Users/nhfd_dev_mac/projects/nhcfr-wellness-app/node_modules/react-native-webview/android/src/main/java/com/reactnativecommunity/webview/RNCWebViewManagerImpl.kt:82:18 'var allowFileAccessFromFileURLs: Boolean' is deprecated. Deprecated in Java.
w: file:///Users/nhfd_dev_mac/projects/nhcfr-wellness-app/node_modules/react-native-webview/android/src/main/java/com/reactnativecommunity/webview/RNCWebViewManagerImpl.kt:83:18 'var allowUniversalAccessFromFileURLs: Boolean' is deprecated. Deprecated in Java.
w: file:///Users/nhfd_dev_mac/projects/nhcfr-wellness-app/node_modules/react-native-webview/android/src/main/java/com/reactnativecommunity/webview/RNCWebViewManagerImpl.kt:124:21 'fun allowScanningByMediaScanner(): Unit' is deprecated. Deprecated in Java.
w: file:///Users/nhfd_dev_mac/projects/nhcfr-wellness-app/node_modules/react-native-webview/android/src/main/java/com/reactnativecommunity/webview/RNCWebViewManagerImpl.kt:161:36 'var systemUiVisibility: Int' is deprecated. Deprecated in Java.
w: file:///Users/nhfd_dev_mac/projects/nhcfr-wellness-app/node_modules/react-native-webview/android/src/main/java/com/reactnativecommunity/webview/RNCWebViewManagerImpl.kt:300:14 'class MapBuilder : Any' is deprecated. Deprecated in Java.
w: file:///Users/nhfd_dev_mac/projects/nhcfr-wellness-app/node_modules/react-native-webview/android/src/main/java/com/reactnativecommunity/webview/RNCWebViewManagerImpl.kt:350:34 Condition is always 'true'.
w: file:///Users/nhfd_dev_mac/projects/nhcfr-wellness-app/node_modules/react-native-webview/android/src/main/java/com/reactnativecommunity/webview/RNCWebViewManagerImpl.kt:369:38 'var allowUniversalAccessFromFileURLs: Boolean' is deprecated. Deprecated in Java.
w: file:///Users/nhfd_dev_mac/projects/nhcfr-wellness-app/node_modules/react-native-webview/android/src/main/java/com/reactnativecommunity/webview/RNCWebViewManagerImpl.kt:430:51 Unchecked cast of 'kotlin.Any?' to 'java.util.HashMap<kotlin.String, kotlin.String>'.
w: file:///Users/nhfd_dev_mac/projects/nhcfr-wellness-app/node_modules/react-native-webview/android/src/main/java/com/reactnativecommunity/webview/RNCWebViewManagerImpl.kt:486:23 'var savePassword: Boolean' is deprecated. Deprecated in Java.
w: file:///Users/nhfd_dev_mac/projects/nhcfr-wellness-app/node_modules/react-native-webview/android/src/main/java/com/reactnativecommunity/webview/RNCWebViewManagerImpl.kt:487:23 'var saveFormData: Boolean' is deprecated. Deprecated in Java.
w: file:///Users/nhfd_dev_mac/projects/nhcfr-wellness-app/node_modules/react-native-webview/android/src/main/java/com/reactnativecommunity/webview/RNCWebViewManagerImpl.kt:557:23 'var allowFileAccessFromFileURLs: Boolean' is deprecated. Deprecated in Java.
w: file:///Users/nhfd_dev_mac/projects/nhcfr-wellness-app/node_modules/react-native-webview/android/src/main/java/com/reactnativecommunity/webview/RNCWebViewManagerImpl.kt:602:52 'static field FORCE_DARK_ON: Int' is deprecated. Deprecated in Java.
w: file:///Users/nhfd_dev_mac/projects/nhcfr-wellness-app/node_modules/react-native-webview/android/src/main/java/com/reactnativecommunity/webview/RNCWebViewManagerImpl.kt:602:89 'static field FORCE_DARK_OFF: Int' is deprecated. Deprecated in Java.
w: file:///Users/nhfd_dev_mac/projects/nhcfr-wellness-app/node_modules/react-native-webview/android/src/main/java/com/reactnativecommunity/webview/RNCWebViewManagerImpl.kt:603:35 'static fun setForceDark(p0: @NonNull() WebSettings!, p1: Int): Unit' is deprecated. Deprecated in Java.
w: file:///Users/nhfd_dev_mac/projects/nhcfr-wellness-app/node_modules/react-native-webview/android/src/main/java/com/reactnativecommunity/webview/RNCWebViewManagerImpl.kt:612:35 'static fun setForceDarkStrategy(p0: @NonNull() WebSettings!, p1: Int): Unit' is deprecated. Deprecated in Java.
w: file:///Users/nhfd_dev_mac/projects/nhcfr-wellness-app/node_modules/react-native-webview/android/src/main/java/com/reactnativecommunity/webview/RNCWebViewManagerImpl.kt:614:39 'static field DARK_STRATEGY_PREFER_WEB_THEME_OVER_USER_AGENT_DARKENING: Int' is deprecated. Deprecated in Java.
w: file:///Users/nhfd_dev_mac/projects/nhcfr-wellness-app/node_modules/react-native-webview/android/src/main/java/com/reactnativecommunity/webview/RNCWebViewManagerImpl.kt:658:65 Unchecked cast of 'java.util.ArrayList<kotlin.Any?>' to 'kotlin.collections.List<kotlin.collections.Map<kotlin.String, kotlin.String>>'.
w: file:///Users/nhfd_dev_mac/projects/nhcfr-wellness-app/node_modules/react-native-webview/android/src/main/java/com/reactnativecommunity/webview/RNCWebViewManagerImpl.kt:679:23 'var saveFormData: Boolean' is deprecated. Deprecated in Java.
w: file:///Users/nhfd_dev_mac/projects/nhcfr-wellness-app/node_modules/react-native-webview/android/src/main/java/com/reactnativecommunity/webview/events/SubResourceErrorEvent.kt:5:8 'interface RCTEventEmitter : JavaScriptModule' is deprecated. Use [RCTModernEventEmitter] instead.
w: file:///Users/nhfd_dev_mac/projects/nhcfr-wellness-app/node_modules/react-native-webview/android/src/main/java/com/reactnativecommunity/webview/events/SubResourceErrorEvent.kt:11:3 'constructor<T : (Event<Event<*>!>..Event<*>?)>(p0: Int): Event<T>' is deprecated. Deprecated in Java.
w: file:///Users/nhfd_dev_mac/projects/nhcfr-wellness-app/node_modules/react-native-webview/android/src/main/java/com/reactnativecommunity/webview/events/SubResourceErrorEvent.kt:22:16 This declaration overrides a deprecated member but is not marked as deprecated itself. Please add the '@Deprecated' annotation or suppress the diagnostic.
w: file:///Users/nhfd_dev_mac/projects/nhcfr-wellness-app/node_modules/react-native-webview/android/src/main/java/com/reactnativecommunity/webview/events/SubResourceErrorEvent.kt:22:42 'interface RCTEventEmitter : JavaScriptModule' is deprecated. Use [RCTModernEventEmitter] instead.
w: file:///Users/nhfd_dev_mac/projects/nhcfr-wellness-app/node_modules/react-native-webview/android/src/main/java/com/reactnativecommunity/webview/events/SubResourceErrorEvent.kt:23:21 'fun receiveEvent(targetTag: Int, eventName: String, params: WritableMap?): Unit' is deprecated. Use [RCTModernEventEmitter.receiveEvent] instead.
w: file:///Users/nhfd_dev_mac/projects/nhcfr-wellness-app/node_modules/react-native-webview/android/src/main/java/com/reactnativecommunity/webview/events/TopCustomMenuSelectionEvent.kt:5:8 'interface RCTEventEmitter : JavaScriptModule' is deprecated. Use [RCTModernEventEmitter] instead.
w: file:///Users/nhfd_dev_mac/projects/nhcfr-wellness-app/node_modules/react-native-webview/android/src/main/java/com/reactnativecommunity/webview/events/TopCustomMenuSelectionEvent.kt:11:3 'constructor<T : (Event<Event<*>!>..Event<*>?)>(p0: Int): Event<T>' is deprecated. Deprecated in Java.
w: file:///Users/nhfd_dev_mac/projects/nhcfr-wellness-app/node_modules/react-native-webview/android/src/main/java/com/reactnativecommunity/webview/events/TopCustomMenuSelectionEvent.kt:22:16 This declaration overrides a deprecated member but is not marked as deprecated itself. Please add the '@Deprecated' annotation or suppress the diagnostic.
w: file:///Users/nhfd_dev_mac/projects/nhcfr-wellness-app/node_modules/react-native-webview/android/src/main/java/com/reactnativecommunity/webview/events/TopCustomMenuSelectionEvent.kt:22:42 'interface RCTEventEmitter : JavaScriptModule' is deprecated. Use [RCTModernEventEmitter] instead.
w: file:///Users/nhfd_dev_mac/projects/nhcfr-wellness-app/node_modules/react-native-webview/android/src/main/java/com/reactnativecommunity/webview/events/TopCustomMenuSelectionEvent.kt:23:21 'fun receiveEvent(targetTag: Int, eventName: String, params: WritableMap?): Unit' is deprecated. Use [RCTModernEventEmitter.receiveEvent] instead.
w: file:///Users/nhfd_dev_mac/projects/nhcfr-wellness-app/node_modules/react-native-webview/android/src/main/java/com/reactnativecommunity/webview/events/TopHttpErrorEvent.kt:5:8 'interface RCTEventEmitter : JavaScriptModule' is deprecated. Use [RCTModernEventEmitter] instead.
w: file:///Users/nhfd_dev_mac/projects/nhcfr-wellness-app/node_modules/react-native-webview/android/src/main/java/com/reactnativecommunity/webview/events/TopHttpErrorEvent.kt:11:3 'constructor<T : (Event<Event<*>!>..Event<*>?)>(p0: Int): Event<T>' is deprecated. Deprecated in Java.
w: file:///Users/nhfd_dev_mac/projects/nhcfr-wellness-app/node_modules/react-native-webview/android/src/main/java/com/reactnativecommunity/webview/events/TopHttpErrorEvent.kt:22:16 This declaration overrides a deprecated member but is not marked as deprecated itself. Please add the '@Deprecated' annotation or suppress the diagnostic.
w: file:///Users/nhfd_dev_mac/projects/nhcfr-wellness-app/node_modules/react-native-webview/android/src/main/java/com/reactnativecommunity/webview/events/TopHttpErrorEvent.kt:22:42 'interface RCTEventEmitter : JavaScriptModule' is deprecated. Use [RCTModernEventEmitter] instead.
w: file:///Users/nhfd_dev_mac/projects/nhcfr-wellness-app/node_modules/react-native-webview/android/src/main/java/com/reactnativecommunity/webview/events/TopHttpErrorEvent.kt:23:21 'fun receiveEvent(targetTag: Int, eventName: String, params: WritableMap?): Unit' is deprecated. Use [RCTModernEventEmitter.receiveEvent] instead.
w: file:///Users/nhfd_dev_mac/projects/nhcfr-wellness-app/node_modules/react-native-webview/android/src/main/java/com/reactnativecommunity/webview/events/TopLoadingErrorEvent.kt:5:8 'interface RCTEventEmitter : JavaScriptModule' is deprecated. Use [RCTModernEventEmitter] instead.
w: file:///Users/nhfd_dev_mac/projects/nhcfr-wellness-app/node_modules/react-native-webview/android/src/main/java/com/reactnativecommunity/webview/events/TopLoadingErrorEvent.kt:11:3 'constructor<T : (Event<Event<*>!>..Event<*>?)>(p0: Int): Event<T>' is deprecated. Deprecated in Java.
w: file:///Users/nhfd_dev_mac/projects/nhcfr-wellness-app/node_modules/react-native-webview/android/src/main/java/com/reactnativecommunity/webview/events/TopLoadingErrorEvent.kt:22:16 This declaration overrides a deprecated member but is not marked as deprecated itself. Please add the '@Deprecated' annotation or suppress the diagnostic.
w: file:///Users/nhfd_dev_mac/projects/nhcfr-wellness-app/node_modules/react-native-webview/android/src/main/java/com/reactnativecommunity/webview/events/TopLoadingErrorEvent.kt:22:42 'interface RCTEventEmitter : JavaScriptModule' is deprecated. Use [RCTModernEventEmitter] instead.
w: file:///Users/nhfd_dev_mac/projects/nhcfr-wellness-app/node_modules/react-native-webview/android/src/main/java/com/reactnativecommunity/webview/events/TopLoadingErrorEvent.kt:23:21 'fun receiveEvent(targetTag: Int, eventName: String, params: WritableMap?): Unit' is deprecated. Use [RCTModernEventEmitter.receiveEvent] instead.
w: file:///Users/nhfd_dev_mac/projects/nhcfr-wellness-app/node_modules/react-native-webview/android/src/main/java/com/reactnativecommunity/webview/events/TopLoadingFinishEvent.kt:5:8 'interface RCTEventEmitter : JavaScriptModule' is deprecated. Use [RCTModernEventEmitter] instead.
w: file:///Users/nhfd_dev_mac/projects/nhcfr-wellness-app/node_modules/react-native-webview/android/src/main/java/com/reactnativecommunity/webview/events/TopLoadingFinishEvent.kt:11:3 'constructor<T : (Event<Event<*>!>..Event<*>?)>(p0: Int): Event<T>' is deprecated. Deprecated in Java.
w: file:///Users/nhfd_dev_mac/projects/nhcfr-wellness-app/node_modules/react-native-webview/android/src/main/java/com/reactnativecommunity/webview/events/TopLoadingFinishEvent.kt:22:16 This declaration overrides a deprecated member but is not marked as deprecated itself. Please add the '@Deprecated' annotation or suppress the diagnostic.
w: file:///Users/nhfd_dev_mac/projects/nhcfr-wellness-app/node_modules/react-native-webview/android/src/main/java/com/reactnativecommunity/webview/events/TopLoadingFinishEvent.kt:22:42 'interface RCTEventEmitter : JavaScriptModule' is deprecated. Use [RCTModernEventEmitter] instead.
w: file:///Users/nhfd_dev_mac/projects/nhcfr-wellness-app/node_modules/react-native-webview/android/src/main/java/com/reactnativecommunity/webview/events/TopLoadingFinishEvent.kt:23:21 'fun receiveEvent(targetTag: Int, eventName: String, params: WritableMap?): Unit' is deprecated. Use [RCTModernEventEmitter.receiveEvent] instead.
w: file:///Users/nhfd_dev_mac/projects/nhcfr-wellness-app/node_modules/react-native-webview/android/src/main/java/com/reactnativecommunity/webview/events/TopLoadingProgressEvent.kt:5:8 'interface RCTEventEmitter : JavaScriptModule' is deprecated. Use [RCTModernEventEmitter] instead.
w: file:///Users/nhfd_dev_mac/projects/nhcfr-wellness-app/node_modules/react-native-webview/android/src/main/java/com/reactnativecommunity/webview/events/TopLoadingProgressEvent.kt:11:3 'constructor<T : (Event<Event<*>!>..Event<*>?)>(p0: Int): Event<T>' is deprecated. Deprecated in Java.
w: file:///Users/nhfd_dev_mac/projects/nhcfr-wellness-app/node_modules/react-native-webview/android/src/main/java/com/reactnativecommunity/webview/events/TopLoadingProgressEvent.kt:22:16 This declaration overrides a deprecated member but is not marked as deprecated itself. Please add the '@Deprecated' annotation or suppress the diagnostic.
w: file:///Users/nhfd_dev_mac/projects/nhcfr-wellness-app/node_modules/react-native-webview/android/src/main/java/com/reactnativecommunity/webview/events/TopLoadingProgressEvent.kt:22:42 'interface RCTEventEmitter : JavaScriptModule' is deprecated. Use [RCTModernEventEmitter] instead.
w: file:///Users/nhfd_dev_mac/projects/nhcfr-wellness-app/node_modules/react-native-webview/android/src/main/java/com/reactnativecommunity/webview/events/TopLoadingProgressEvent.kt:23:21 'fun receiveEvent(targetTag: Int, eventName: String, params: WritableMap?): Unit' is deprecated. Use [RCTModernEventEmitter.receiveEvent] instead.
w: file:///Users/nhfd_dev_mac/projects/nhcfr-wellness-app/node_modules/react-native-webview/android/src/main/java/com/reactnativecommunity/webview/events/TopLoadingStartEvent.kt:5:8 'interface RCTEventEmitter : JavaScriptModule' is deprecated. Use [RCTModernEventEmitter] instead.
w: file:///Users/nhfd_dev_mac/projects/nhcfr-wellness-app/node_modules/react-native-webview/android/src/main/java/com/reactnativecommunity/webview/events/TopLoadingStartEvent.kt:11:3 'constructor<T : (Event<Event<*>!>..Event<*>?)>(p0: Int): Event<T>' is deprecated. Deprecated in Java.
w: file:///Users/nhfd_dev_mac/projects/nhcfr-wellness-app/node_modules/react-native-webview/android/src/main/java/com/reactnativecommunity/webview/events/TopLoadingStartEvent.kt:22:16 This declaration overrides a deprecated member but is not marked as deprecated itself. Please add the '@Deprecated' annotation or suppress the diagnostic.
w: file:///Users/nhfd_dev_mac/projects/nhcfr-wellness-app/node_modules/react-native-webview/android/src/main/java/com/reactnativecommunity/webview/events/TopLoadingStartEvent.kt:22:42 'interface RCTEventEmitter : JavaScriptModule' is deprecated. Use [RCTModernEventEmitter] instead.
w: file:///Users/nhfd_dev_mac/projects/nhcfr-wellness-app/node_modules/react-native-webview/android/src/main/java/com/reactnativecommunity/webview/events/TopLoadingStartEvent.kt:23:21 'fun receiveEvent(targetTag: Int, eventName: String, params: WritableMap?): Unit' is deprecated. Use [RCTModernEventEmitter.receiveEvent] instead.
w: file:///Users/nhfd_dev_mac/projects/nhcfr-wellness-app/node_modules/react-native-webview/android/src/main/java/com/reactnativecommunity/webview/events/TopMessageEvent.kt:5:8 'interface RCTEventEmitter : JavaScriptModule' is deprecated. Use [RCTModernEventEmitter] instead.
w: file:///Users/nhfd_dev_mac/projects/nhcfr-wellness-app/node_modules/react-native-webview/android/src/main/java/com/reactnativecommunity/webview/events/TopMessageEvent.kt:10:75 'constructor<T : (Event<Event<*>!>..Event<*>?)>(p0: Int): Event<T>' is deprecated. Deprecated in Java.
w: file:///Users/nhfd_dev_mac/projects/nhcfr-wellness-app/node_modules/react-native-webview/android/src/main/java/com/reactnativecommunity/webview/events/TopMessageEvent.kt:21:16 This declaration overrides a deprecated member but is not marked as deprecated itself. Please add the '@Deprecated' annotation or suppress the diagnostic.
w: file:///Users/nhfd_dev_mac/projects/nhcfr-wellness-app/node_modules/react-native-webview/android/src/main/java/com/reactnativecommunity/webview/events/TopMessageEvent.kt:21:42 'interface RCTEventEmitter : JavaScriptModule' is deprecated. Use [RCTModernEventEmitter] instead.
w: file:///Users/nhfd_dev_mac/projects/nhcfr-wellness-app/node_modules/react-native-webview/android/src/main/java/com/reactnativecommunity/webview/events/TopMessageEvent.kt:22:21 'fun receiveEvent(targetTag: Int, eventName: String, params: WritableMap?): Unit' is deprecated. Use [RCTModernEventEmitter.receiveEvent] instead.
w: file:///Users/nhfd_dev_mac/projects/nhcfr-wellness-app/node_modules/react-native-webview/android/src/main/java/com/reactnativecommunity/webview/events/TopNewWindowEvent.kt:5:8 'interface RCTEventEmitter : JavaScriptModule' is deprecated. Use [RCTModernEventEmitter] instead.
w: file:///Users/nhfd_dev_mac/projects/nhcfr-wellness-app/node_modules/react-native-webview/android/src/main/java/com/reactnativecommunity/webview/events/TopNewWindowEvent.kt:11:3 'constructor<T : (Event<Event<*>!>..Event<*>?)>(p0: Int): Event<T>' is deprecated. Deprecated in Java.
w: file:///Users/nhfd_dev_mac/projects/nhcfr-wellness-app/node_modules/react-native-webview/android/src/main/java/com/reactnativecommunity/webview/events/TopNewWindowEvent.kt:22:16 This declaration overrides a deprecated member but is not marked as deprecated itself. Please add the '@Deprecated' annotation or suppress the diagnostic.
w: file:///Users/nhfd_dev_mac/projects/nhcfr-wellness-app/node_modules/react-native-webview/android/src/main/java/com/reactnativecommunity/webview/events/TopNewWindowEvent.kt:22:42 'interface RCTEventEmitter : JavaScriptModule' is deprecated. Use [RCTModernEventEmitter] instead.
w: file:///Users/nhfd_dev_mac/projects/nhcfr-wellness-app/node_modules/react-native-webview/android/src/main/java/com/reactnativecommunity/webview/events/TopNewWindowEvent.kt:23:21 'fun receiveEvent(targetTag: Int, eventName: String, params: WritableMap?): Unit' is deprecated. Use [RCTModernEventEmitter.receiveEvent] instead.
w: file:///Users/nhfd_dev_mac/projects/nhcfr-wellness-app/node_modules/react-native-webview/android/src/main/java/com/reactnativecommunity/webview/events/TopRenderProcessGoneEvent.kt:5:8 'interface RCTEventEmitter : JavaScriptModule' is deprecated. Use [RCTModernEventEmitter] instead.
w: file:///Users/nhfd_dev_mac/projects/nhcfr-wellness-app/node_modules/react-native-webview/android/src/main/java/com/reactnativecommunity/webview/events/TopRenderProcessGoneEvent.kt:12:3 'constructor<T : (Event<Event<*>!>..Event<*>?)>(p0: Int): Event<T>' is deprecated. Deprecated in Java.
w: file:///Users/nhfd_dev_mac/projects/nhcfr-wellness-app/node_modules/react-native-webview/android/src/main/java/com/reactnativecommunity/webview/events/TopRenderProcessGoneEvent.kt:23:16 This declaration overrides a deprecated member but is not marked as deprecated itself. Please add the '@Deprecated' annotation or suppress the diagnostic.
w: file:///Users/nhfd_dev_mac/projects/nhcfr-wellness-app/node_modules/react-native-webview/android/src/main/java/com/reactnativecommunity/webview/events/TopRenderProcessGoneEvent.kt:23:42 'interface RCTEventEmitter : JavaScriptModule' is deprecated. Use [RCTModernEventEmitter] instead.
w: file:///Users/nhfd_dev_mac/projects/nhcfr-wellness-app/node_modules/react-native-webview/android/src/main/java/com/reactnativecommunity/webview/events/TopRenderProcessGoneEvent.kt:24:21 'fun receiveEvent(targetTag: Int, eventName: String, params: WritableMap?): Unit' is deprecated. Use [RCTModernEventEmitter.receiveEvent] instead.
w: file:///Users/nhfd_dev_mac/projects/nhcfr-wellness-app/node_modules/react-native-webview/android/src/main/java/com/reactnativecommunity/webview/events/TopShouldStartLoadWithRequestEvent.kt:5:8 'interface RCTEventEmitter : JavaScriptModule' is deprecated. Use [RCTModernEventEmitter] instead.
w: file:///Users/nhfd_dev_mac/projects/nhcfr-wellness-app/node_modules/react-native-webview/android/src/main/java/com/reactnativecommunity/webview/events/TopShouldStartLoadWithRequestEvent.kt:10:89 'constructor<T : (Event<Event<*>!>..Event<*>?)>(p0: Int): Event<T>' is deprecated. Deprecated in Java.
w: file:///Users/nhfd_dev_mac/projects/nhcfr-wellness-app/node_modules/react-native-webview/android/src/main/java/com/reactnativecommunity/webview/events/TopShouldStartLoadWithRequestEvent.kt:27:16 This declaration overrides a deprecated member but is not marked as deprecated itself. Please add the '@Deprecated' annotation or suppress the diagnostic.
w: file:///Users/nhfd_dev_mac/projects/nhcfr-wellness-app/node_modules/react-native-webview/android/src/main/java/com/reactnativecommunity/webview/events/TopShouldStartLoadWithRequestEvent.kt:27:42 'interface RCTEventEmitter : JavaScriptModule' is deprecated. Use [RCTModernEventEmitter] instead.
w: file:///Users/nhfd_dev_mac/projects/nhcfr-wellness-app/node_modules/react-native-webview/android/src/main/java/com/reactnativecommunity/webview/events/TopShouldStartLoadWithRequestEvent.kt:28:21 'fun receiveEvent(targetTag: Int, eventName: String, params: WritableMap?): Unit' is deprecated. Use [RCTModernEventEmitter.receiveEvent] instead.

> Task :react-native-safe-area-context:compileDebugKotlin
w: file:///Users/nhfd_dev_mac/projects/nhcfr-wellness-app/node_modules/react-native-safe-area-context/android/src/main/java/com/th3rdwave/safeareacontext/SafeAreaView.kt:59:23 'val uiImplementation: UIImplementation!' is deprecated. Deprecated in Java.

> Task :react-native-reanimated:configureCMakeDebug[arm64-v8a]
> Task :react-native-safe-area-context:compileDebugJavaWithJavac
> Task :react-native-safe-area-context:bundleLibCompileToJarDebug

> Task :react-native-webview:compileDebugJavaWithJavac

> Task :react-native-webview:bundleLibCompileToJarDebug
> Task :react-native-safe-area-context:bundleLibRuntimeToJarDebug
> Task :react-native-webview:bundleLibRuntimeToJarDebug
> Task :react-native-safe-area-context:processDebugJavaRes
> Task :react-native-webview:processDebugJavaRes
> Task :react-native-safe-area-context:bundleLibRuntimeToDirDebug
> Task :react-native-webview:bundleLibRuntimeToDirDebug
> Task :react-native-reanimated:configureCMakeDebug[armeabi-v7a]
> Task :app:mergeExtDexDebug
> Task :react-native-reanimated:configureCMakeDebug[x86]

> Task :react-native-video:compileDebugKotlin
w: file:///Users/nhfd_dev_mac/projects/nhcfr-wellness-app/node_modules/react-native-video/android/src/main/java/com/brentvatne/exoplayer/DataSourceUtil.kt:64:23 'constructor(reactContext: ReactContext): ForwardingCookieHandler' is deprecated. Use the default constructor.
w: file:///Users/nhfd_dev_mac/projects/nhcfr-wellness-app/node_modules/react-native-video/android/src/main/java/com/brentvatne/exoplayer/ExoPlayerView.kt:307:22 This declaration overrides a deprecated member but is not marked as deprecated itself. Please add the '@Deprecated' annotation or suppress the diagnostic.

> Task :react-native-reanimated:configureCMakeDebug[x86_64]
> Task :react-native-gesture-handler:compileDebugKotlin

> Task :react-native-video:compileDebugJavaWithJavac

> Task :react-native-gesture-handler:compileDebugJavaWithJavac
> Task :react-native-gesture-handler:bundleLibCompileToJarDebug
> Task :react-native-video:bundleLibCompileToJarDebug
> Task :react-native-gesture-handler:bundleLibRuntimeToJarDebug
> Task :react-native-gesture-handler:processDebugJavaRes
> Task :react-native-video:bundleLibRuntimeToJarDebug
> Task :react-native-video:processDebugJavaRes
> Task :react-native-reanimated:generateJsonModelDebug
> Task :react-native-reanimated:prefabDebugConfigurePackage UP-TO-DATE
> Task :react-native-gesture-handler:bundleLibRuntimeToDirDebug
> Task :react-native-video:bundleLibRuntimeToDirDebug
> Task :app:configureCMakeDebug[arm64-v8a]

> Task :react-native-screens:compileDebugKotlin
w: file:///Users/nhfd_dev_mac/projects/nhcfr-wellness-app/node_modules/react-native-screens/android/src/main/java/com/swmansion/rnscreens/CustomToolbar.kt:41:33 'class FrameCallback : Choreographer.FrameCallback' is deprecated. Use Choreographer.FrameCallback instead.
w: file:///Users/nhfd_dev_mac/projects/nhcfr-wellness-app/node_modules/react-native-screens/android/src/main/java/com/swmansion/rnscreens/CustomToolbar.kt:42:18 'class FrameCallback : Choreographer.FrameCallback' is deprecated. Use Choreographer.FrameCallback instead.
w: file:///Users/nhfd_dev_mac/projects/nhcfr-wellness-app/node_modules/react-native-screens/android/src/main/java/com/swmansion/rnscreens/RNScreensPackage.kt:66:17 'constructor(name: String, className: String, canOverrideExistingModule: Boolean, needsEagerInit: Boolean, hasConstants: Boolean, isCxxModule: Boolean, isTurboModule: Boolean): ReactModuleInfo' is deprecated. This constructor is deprecated and will be removed in the future. Use ReactModuleInfo(String, String, boolean, boolean, boolean, boolean)].
w: file:///Users/nhfd_dev_mac/projects/nhcfr-wellness-app/node_modules/react-native-screens/android/src/main/java/com/swmansion/rnscreens/Screen.kt:48:77 Unchecked cast of '(androidx.coordinatorlayout.widget.CoordinatorLayout.Behavior<android.view.View!>?..androidx.coordinatorlayout.widget.CoordinatorLayout.Behavior<*>?)' to 'com.google.android.material.bottomsheet.BottomSheetBehavior<com.swmansion.rnscreens.Screen>'.
w: file:///Users/nhfd_dev_mac/projects/nhcfr-wellness-app/node_modules/react-native-screens/android/src/main/java/com/swmansion/rnscreens/ScreenContainer.kt:33:33 'class FrameCallback : Choreographer.FrameCallback' is deprecated. Use Choreographer.FrameCallback instead.
w: file:///Users/nhfd_dev_mac/projects/nhcfr-wellness-app/node_modules/react-native-screens/android/src/main/java/com/swmansion/rnscreens/ScreenContainer.kt:34:18 'class FrameCallback : Choreographer.FrameCallback' is deprecated. Use Choreographer.FrameCallback instead.
w: file:///Users/nhfd_dev_mac/projects/nhcfr-wellness-app/node_modules/react-native-screens/android/src/main/java/com/swmansion/rnscreens/ScreenStackFragment.kt:216:31 'var targetElevation: Float' is deprecated. Deprecated in Java.
w: file:///Users/nhfd_dev_mac/projects/nhcfr-wellness-app/node_modules/react-native-screens/android/src/main/java/com/swmansion/rnscreens/ScreenStackFragment.kt:219:13 'fun setHasOptionsMenu(p0: Boolean): Unit' is deprecated. Deprecated in Java.
w: file:///Users/nhfd_dev_mac/projects/nhcfr-wellness-app/node_modules/react-native-screens/android/src/main/java/com/swmansion/rnscreens/ScreenStackFragment.kt:379:18 This declaration overrides a deprecated member but is not marked as deprecated itself. Please add the '@Deprecated' annotation or suppress the diagnostic.
w: file:///Users/nhfd_dev_mac/projects/nhcfr-wellness-app/node_modules/react-native-screens/android/src/main/java/com/swmansion/rnscreens/ScreenStackFragment.kt:386:22 'fun onPrepareOptionsMenu(p0: Menu): Unit' is deprecated. Deprecated in Java.
w: file:///Users/nhfd_dev_mac/projects/nhcfr-wellness-app/node_modules/react-native-screens/android/src/main/java/com/swmansion/rnscreens/ScreenStackFragment.kt:389:18 This declaration overrides a deprecated member but is not marked as deprecated itself. Please add the '@Deprecated' annotation or suppress the diagnostic.
w: file:///Users/nhfd_dev_mac/projects/nhcfr-wellness-app/node_modules/react-native-screens/android/src/main/java/com/swmansion/rnscreens/ScreenStackFragment.kt:394:22 'fun onCreateOptionsMenu(p0: Menu, p1: MenuInflater): Unit' is deprecated. Deprecated in Java.
w: file:///Users/nhfd_dev_mac/projects/nhcfr-wellness-app/node_modules/react-native-screens/android/src/main/java/com/swmansion/rnscreens/ScreenStackHeaderConfigViewManager.kt:7:8 'class MapBuilder : Any' is deprecated. Deprecated in Java.
w: file:///Users/nhfd_dev_mac/projects/nhcfr-wellness-app/node_modules/react-native-screens/android/src/main/java/com/swmansion/rnscreens/ScreenStackHeaderConfigViewManager.kt:210:9 'class MapBuilder : Any' is deprecated. Deprecated in Java.
w: file:///Users/nhfd_dev_mac/projects/nhcfr-wellness-app/node_modules/react-native-screens/android/src/main/java/com/swmansion/rnscreens/ScreenStackHeaderConfigViewManager.kt:212:13 'class MapBuilder : Any' is deprecated. Deprecated in Java.
w: file:///Users/nhfd_dev_mac/projects/nhcfr-wellness-app/node_modules/react-native-screens/android/src/main/java/com/swmansion/rnscreens/ScreenStackHeaderConfigViewManager.kt:214:13 'class MapBuilder : Any' is deprecated. Deprecated in Java.
w: file:///Users/nhfd_dev_mac/projects/nhcfr-wellness-app/node_modules/react-native-screens/android/src/main/java/com/swmansion/rnscreens/ScreenViewManager.kt:7:8 'class MapBuilder : Any' is deprecated. Deprecated in Java.
w: file:///Users/nhfd_dev_mac/projects/nhcfr-wellness-app/node_modules/react-native-screens/android/src/main/java/com/swmansion/rnscreens/ScreenViewManager.kt:382:48 'class MapBuilder : Any' is deprecated. Deprecated in Java.
w: file:///Users/nhfd_dev_mac/projects/nhcfr-wellness-app/node_modules/react-native-screens/android/src/main/java/com/swmansion/rnscreens/ScreenViewManager.kt:383:49 'class MapBuilder : Any' is deprecated. Deprecated in Java.
w: file:///Users/nhfd_dev_mac/projects/nhcfr-wellness-app/node_modules/react-native-screens/android/src/main/java/com/swmansion/rnscreens/ScreenViewManager.kt:384:45 'class MapBuilder : Any' is deprecated. Deprecated in Java.
w: file:///Users/nhfd_dev_mac/projects/nhcfr-wellness-app/node_modules/react-native-screens/android/src/main/java/com/swmansion/rnscreens/ScreenViewManager.kt:385:52 'class MapBuilder : Any' is deprecated. Deprecated in Java.
w: file:///Users/nhfd_dev_mac/projects/nhcfr-wellness-app/node_modules/react-native-screens/android/src/main/java/com/swmansion/rnscreens/ScreenViewManager.kt:386:48 'class MapBuilder : Any' is deprecated. Deprecated in Java.
w: file:///Users/nhfd_dev_mac/projects/nhcfr-wellness-app/node_modules/react-native-screens/android/src/main/java/com/swmansion/rnscreens/ScreenViewManager.kt:387:51 'class MapBuilder : Any' is deprecated. Deprecated in Java.
w: file:///Users/nhfd_dev_mac/projects/nhcfr-wellness-app/node_modules/react-native-screens/android/src/main/java/com/swmansion/rnscreens/ScreenViewManager.kt:388:56 'class MapBuilder : Any' is deprecated. Deprecated in Java.
w: file:///Users/nhfd_dev_mac/projects/nhcfr-wellness-app/node_modules/react-native-screens/android/src/main/java/com/swmansion/rnscreens/ScreenViewManager.kt:389:57 'class MapBuilder : Any' is deprecated. Deprecated in Java.
w: file:///Users/nhfd_dev_mac/projects/nhcfr-wellness-app/node_modules/react-native-screens/android/src/main/java/com/swmansion/rnscreens/ScreenViewManager.kt:390:51 'class MapBuilder : Any' is deprecated. Deprecated in Java.
w: file:///Users/nhfd_dev_mac/projects/nhcfr-wellness-app/node_modules/react-native-screens/android/src/main/java/com/swmansion/rnscreens/ScreenWindowTraits.kt:55:42 'fun replaceSystemWindowInsets(p0: Int, p1: Int, p2: Int, p3: Int): WindowInsetsCompat' is deprecated. Deprecated in Java.
w: file:///Users/nhfd_dev_mac/projects/nhcfr-wellness-app/node_modules/react-native-screens/android/src/main/java/com/swmansion/rnscreens/ScreenWindowTraits.kt:56:39 'val systemWindowInsetLeft: Int' is deprecated. Deprecated in Java.
w: file:///Users/nhfd_dev_mac/projects/nhcfr-wellness-app/node_modules/react-native-screens/android/src/main/java/com/swmansion/rnscreens/ScreenWindowTraits.kt:58:39 'val systemWindowInsetRight: Int' is deprecated. Deprecated in Java.
w: file:///Users/nhfd_dev_mac/projects/nhcfr-wellness-app/node_modules/react-native-screens/android/src/main/java/com/swmansion/rnscreens/ScreenWindowTraits.kt:59:39 'val systemWindowInsetBottom: Int' is deprecated. Deprecated in Java.
w: file:///Users/nhfd_dev_mac/projects/nhcfr-wellness-app/node_modules/react-native-screens/android/src/main/java/com/swmansion/rnscreens/ScreenWindowTraits.kt:98:53 'var statusBarColor: Int' is deprecated. Deprecated in Java.
w: file:///Users/nhfd_dev_mac/projects/nhcfr-wellness-app/node_modules/react-native-screens/android/src/main/java/com/swmansion/rnscreens/ScreenWindowTraits.kt:109:48 'var statusBarColor: Int' is deprecated. Deprecated in Java.
w: file:///Users/nhfd_dev_mac/projects/nhcfr-wellness-app/node_modules/react-native-screens/android/src/main/java/com/swmansion/rnscreens/ScreenWindowTraits.kt:112:32 'var statusBarColor: Int' is deprecated. Deprecated in Java.
w: file:///Users/nhfd_dev_mac/projects/nhcfr-wellness-app/node_modules/react-native-screens/android/src/main/java/com/swmansion/rnscreens/ScreenWindowTraits.kt:208:72 'var navigationBarColor: Int' is deprecated. Deprecated in Java.
w: file:///Users/nhfd_dev_mac/projects/nhcfr-wellness-app/node_modules/react-native-screens/android/src/main/java/com/swmansion/rnscreens/ScreenWindowTraits.kt:214:16 'var navigationBarColor: Int' is deprecated. Deprecated in Java.
w: file:///Users/nhfd_dev_mac/projects/nhcfr-wellness-app/node_modules/react-native-screens/android/src/main/java/com/swmansion/rnscreens/SearchBarManager.kt:5:8 'class MapBuilder : Any' is deprecated. Deprecated in Java.
w: file:///Users/nhfd_dev_mac/projects/nhcfr-wellness-app/node_modules/react-native-screens/android/src/main/java/com/swmansion/rnscreens/SearchBarManager.kt:142:9 'class MapBuilder : Any' is deprecated. Deprecated in Java.
w: file:///Users/nhfd_dev_mac/projects/nhcfr-wellness-app/node_modules/react-native-screens/android/src/main/java/com/swmansion/rnscreens/SearchBarManager.kt:144:13 'class MapBuilder : Any' is deprecated. Deprecated in Java.
w: file:///Users/nhfd_dev_mac/projects/nhcfr-wellness-app/node_modules/react-native-screens/android/src/main/java/com/swmansion/rnscreens/SearchBarManager.kt:146:13 'class MapBuilder : Any' is deprecated. Deprecated in Java.
w: file:///Users/nhfd_dev_mac/projects/nhcfr-wellness-app/node_modules/react-native-screens/android/src/main/java/com/swmansion/rnscreens/SearchBarManager.kt:148:13 'class MapBuilder : Any' is deprecated. Deprecated in Java.
w: file:///Users/nhfd_dev_mac/projects/nhcfr-wellness-app/node_modules/react-native-screens/android/src/main/java/com/swmansion/rnscreens/SearchBarManager.kt:150:13 'class MapBuilder : Any' is deprecated. Deprecated in Java.
w: file:///Users/nhfd_dev_mac/projects/nhcfr-wellness-app/node_modules/react-native-screens/android/src/main/java/com/swmansion/rnscreens/SearchBarManager.kt:152:13 'class MapBuilder : Any' is deprecated. Deprecated in Java.
w: file:///Users/nhfd_dev_mac/projects/nhcfr-wellness-app/node_modules/react-native-screens/android/src/main/java/com/swmansion/rnscreens/SearchBarManager.kt:154:13 'class MapBuilder : Any' is deprecated. Deprecated in Java.
w: file:///Users/nhfd_dev_mac/projects/nhcfr-wellness-app/node_modules/react-native-screens/android/src/main/java/com/swmansion/rnscreens/bottomsheet/BottomSheetDialogRootView.kt:7:8 'object ReactFeatureFlags : Any' is deprecated. Use com.facebook.react.internal.featureflags.ReactNativeFeatureFlags instead.
w: file:///Users/nhfd_dev_mac/projects/nhcfr-wellness-app/node_modules/react-native-screens/android/src/main/java/com/swmansion/rnscreens/bottomsheet/BottomSheetDialogRootView.kt:25:13 'object ReactFeatureFlags : Any' is deprecated. Use com.facebook.react.internal.featureflags.ReactNativeFeatureFlags instead.

> Task :expo-modules-core:compileDebugKotlin
w: file:///Users/nhfd_dev_mac/projects/nhcfr-wellness-app/node_modules/expo-modules-core/android/src/main/java/expo/modules/apploader/AppLoaderProvider.kt:34:52 Unchecked cast of 'java.lang.Class<*>!' to 'java.lang.Class<out expo.modules.apploader.HeadlessAppLoader>'.
w: file:///Users/nhfd_dev_mac/projects/nhcfr-wellness-app/node_modules/expo-modules-core/android/src/main/java/expo/modules/kotlin/AppContext.kt:30:8 'typealias ErrorManagerModule = JSLoggerModule' is deprecated. Use JSLoggerModule instead.
w: file:///Users/nhfd_dev_mac/projects/nhcfr-wellness-app/node_modules/expo-modules-core/android/src/main/java/expo/modules/kotlin/AppContext.kt:253:21 'typealias ErrorManagerModule = JSLoggerModule' is deprecated. Use JSLoggerModule instead.
w: file:///Users/nhfd_dev_mac/projects/nhcfr-wellness-app/node_modules/expo-modules-core/android/src/main/java/expo/modules/kotlin/defaultmodules/NativeModulesProxyModule.kt:16:5 'fun Constants(legacyConstantsProvider: () -> Map<String, Any?>): Unit' is deprecated. Use `Constant` or `Property` instead.
w: file:///Users/nhfd_dev_mac/projects/nhcfr-wellness-app/node_modules/expo-modules-core/android/src/main/java/expo/modules/kotlin/jni/PromiseImpl.kt:65:51 'val errorManager: JSLoggerModule?' is deprecated. Use AppContext.jsLogger instead.
w: file:///Users/nhfd_dev_mac/projects/nhcfr-wellness-app/node_modules/expo-modules-core/android/src/main/java/expo/modules/kotlin/jni/PromiseImpl.kt:69:22 'fun reportExceptionToLogBox(codedException: CodedException): Unit' is deprecated. Use appContext.jsLogger.error(...) instead.
w: file:///Users/nhfd_dev_mac/projects/nhcfr-wellness-app/node_modules/expo-modules-core/android/src/main/java/expo/modules/kotlin/views/ViewDefinitionBuilder.kt:464:16 'val errorManager: JSLoggerModule?' is deprecated. Use AppContext.jsLogger instead.
w: file:///Users/nhfd_dev_mac/projects/nhcfr-wellness-app/node_modules/expo-modules-core/android/src/main/java/expo/modules/kotlin/views/ViewDefinitionBuilder.kt:464:30 'fun reportExceptionToLogBox(codedException: CodedException): Unit' is deprecated. Use appContext.jsLogger.error(...) instead.
w: file:///Users/nhfd_dev_mac/projects/nhcfr-wellness-app/node_modules/expo-modules-core/android/src/main/java/expo/modules/kotlin/views/ViewManagerDefinition.kt:41:16 'val errorManager: JSLoggerModule?' is deprecated. Use AppContext.jsLogger instead.
w: file:///Users/nhfd_dev_mac/projects/nhcfr-wellness-app/node_modules/expo-modules-core/android/src/main/java/expo/modules/kotlin/views/ViewManagerDefinition.kt:41:30 'fun reportExceptionToLogBox(codedException: CodedException): Unit' is deprecated. Use appContext.jsLogger.error(...) instead.

> Task :react-native-reanimated:buildCMakeDebug[arm64-v8a][reanimated,worklets]
> Task :expo-modules-core:compileDebugJavaWithJavac
> Task :expo-modules-core:bundleLibCompileToJarDebug
> Task :react-native-screens:compileDebugJavaWithJavac
> Task :react-native-screens:bundleLibCompileToJarDebug
> Task :react-native-screens:bundleLibRuntimeToJarDebug
> Task :expo-modules-core:processDebugJavaRes
> Task :react-native-screens:processDebugJavaRes
> Task :expo-modules-core:bundleLibRuntimeToJarDebug
> Task :react-native-screens:bundleLibRuntimeToDirDebug
> Task :expo-modules-core:bundleLibRuntimeToDirDebug

> Task :expo-constants:compileDebugKotlin
w: file:///Users/nhfd_dev_mac/projects/nhcfr-wellness-app/node_modules/expo-constants/android/src/main/java/expo/modules/constants/ConstantsModule.kt:12:5 'fun Constants(legacyConstantsProvider: () -> Map<String, Any?>): Unit' is deprecated. Use `Constant` or `Property` instead.

> Task :expo-keep-awake:compileDebugKotlin
> Task :expo-asset:compileDebugKotlin
> Task :expo-font:compileDebugKotlin
> Task :expo-file-system:compileDebugKotlin
> Task :react-native-reanimated:buildCMakeDebug[armeabi-v7a][reanimated,worklets]
> Task :expo-asset:compileDebugJavaWithJavac
> Task :expo-asset:bundleLibCompileToJarDebug
> Task :expo-constants:compileDebugJavaWithJavac
> Task :expo-constants:bundleLibCompileToJarDebug
> Task :expo-file-system:compileDebugJavaWithJavac
> Task :expo-file-system:bundleLibCompileToJarDebug
> Task :expo-font:compileDebugJavaWithJavac
> Task :expo-font:bundleLibCompileToJarDebug
> Task :expo-keep-awake:compileDebugJavaWithJavac
> Task :expo-keep-awake:bundleLibCompileToJarDebug
> Task :expo-font:bundleLibRuntimeToJarDebug
> Task :expo-asset:bundleLibRuntimeToJarDebug
> Task :expo-constants:bundleLibRuntimeToJarDebug
> Task :expo-keep-awake:bundleLibRuntimeToJarDebug
> Task :expo-file-system:bundleLibRuntimeToJarDebug
> Task :expo-asset:processDebugJavaRes
> Task :expo-constants:processDebugJavaRes
> Task :expo-file-system:processDebugJavaRes
> Task :expo-font:processDebugJavaRes
> Task :expo-keep-awake:processDebugJavaRes
> Task :expo-constants:bundleLibRuntimeToDirDebug
> Task :expo-asset:bundleLibRuntimeToDirDebug
> Task :expo-font:bundleLibRuntimeToDirDebug
> Task :expo-keep-awake:bundleLibRuntimeToDirDebug
> Task :expo-file-system:bundleLibRuntimeToDirDebug

> Task :expo:compileDebugKotlin
w: file:///Users/nhfd_dev_mac/projects/nhcfr-wellness-app/node_modules/expo/android/src/main/java/expo/modules/fetch/ExpoFetchModule.kt:30:39 'constructor(reactContext: ReactContext): ForwardingCookieHandler' is deprecated. Use the default constructor.
w: file:///Users/nhfd_dev_mac/projects/nhcfr-wellness-app/node_modules/expo/android/src/main/java/expo/modules/fetch/NativeResponse.kt:42:16 This declaration overrides a deprecated member but is not marked as deprecated itself. Please add the '@Deprecated' annotation or suppress the diagnostic.
w: file:///Users/nhfd_dev_mac/projects/nhcfr-wellness-app/node_modules/expo/android/src/main/java/expo/modules/fetch/NativeResponse.kt:44:11 'fun deallocate(): Unit' is deprecated. Use sharedObjectDidRelease() instead.

> Task :react-native-reanimated:buildCMakeDebug[x86][reanimated,worklets]
> Task :expo:compileDebugJavaWithJavac
> Task :expo:processDebugJavaRes
> Task :expo:bundleLibCompileToJarDebug
> Task :expo:bundleLibRuntimeToJarDebug
> Task :expo:bundleLibRuntimeToDirDebug
> Task :app:compileDebugKotlin
> Task :react-native-reanimated:buildCMakeDebug[x86_64][reanimated,worklets]
> Task :app:compileDebugJavaWithJavac
> Task :app:dexBuilderDebug
> Task :app:processDebugJavaRes
> Task :app:mergeDebugGlobalSynthetics
> Task :app:mergeLibDexDebug
> Task :react-native-reanimated:externalNativeBuildDebug
> Task :app:mergeProjectDexDebug
> Task :react-native-reanimated:prefabDebugPackage
> Task :app:mergeDebugJavaResource

> Task :app:buildCMakeDebug[arm64-v8a]
C/C++: ninja: Entering directory `/Users/nhfd_dev_mac/projects/nhcfr-wellness-app/android/app/.cxx/Debug/1w4n3t6e/arm64-v8a'
C/C++: /Users/nhfd_dev_mac/projects/nhcfr-wellness-app/node_modules/@react-native-community/slider/android/build/generated/source/codegen/jni/react/renderer/components/RNCSlider/EventEmitters.cpp:16:47: warning: '$' in identifier [-Wdollar-in-identifier-extension]
C/C++:    16 | void RNCSliderEventEmitter::onChange(OnChange $event) const {
C/C++:       |                                               ^
C/C++: /Users/nhfd_dev_mac/projects/nhcfr-wellness-app/node_modules/@react-native-community/slider/android/build/generated/source/codegen/jni/react/renderer/components/RNCSlider/EventEmitters.cpp:17:28: warning: '$' in identifier [-Wdollar-in-identifier-extension]
C/C++:    17 |   dispatchEvent("change", [$event=std::move($event)](jsi::Runtime &runtime) {
C/C++:       |                            ^
C/C++: /Users/nhfd_dev_mac/projects/nhcfr-wellness-app/node_modules/@react-native-community/slider/android/build/generated/source/codegen/jni/react/renderer/components/RNCSlider/EventEmitters.cpp:17:45: warning: '$' in identifier [-Wdollar-in-identifier-extension]
C/C++:    17 |   dispatchEvent("change", [$event=std::move($event)](jsi::Runtime &runtime) {
C/C++:       |                                             ^
C/C++: /Users/nhfd_dev_mac/projects/nhcfr-wellness-app/node_modules/@react-native-community/slider/android/build/generated/source/codegen/jni/react/renderer/components/RNCSlider/EventEmitters.cpp:18:10: warning: '$' in identifier [-Wdollar-in-identifier-extension]
C/C++:    18 |     auto $payload = jsi::Object(runtime);
C/C++:       |          ^
C/C++: /Users/nhfd_dev_mac/projects/nhcfr-wellness-app/node_modules/@react-native-community/slider/android/build/generated/source/codegen/jni/react/renderer/components/RNCSlider/EventEmitters.cpp:19:5: warning: '$' in identifier [-Wdollar-in-identifier-extension]
C/C++:    19 |     $payload.setProperty(runtime, "value", $event.value);
C/C++:       |     ^
C/C++: /Users/nhfd_dev_mac/projects/nhcfr-wellness-app/node_modules/@react-native-community/slider/android/build/generated/source/codegen/jni/react/renderer/components/RNCSlider/EventEmitters.cpp:19:44: warning: '$' in identifier [-Wdollar-in-identifier-extension]
C/C++:    19 |     $payload.setProperty(runtime, "value", $event.value);
C/C++:       |                                            ^
C/C++: /Users/nhfd_dev_mac/projects/nhcfr-wellness-app/node_modules/@react-native-community/slider/android/build/generated/source/codegen/jni/react/renderer/components/RNCSlider/EventEmitters.cpp:20:1: warning: '$' in identifier [-Wdollar-in-identifier-extension]
C/C++:    20 | $payload.setProperty(runtime, "fromUser", $event.fromUser);
C/C++:       | ^
C/C++: /Users/nhfd_dev_mac/projects/nhcfr-wellness-app/node_modules/@react-native-community/slider/android/build/generated/source/codegen/jni/react/renderer/components/RNCSlider/EventEmitters.cpp:20:43: warning: '$' in identifier [-Wdollar-in-identifier-extension]
C/C++:    20 | $payload.setProperty(runtime, "fromUser", $event.fromUser);
C/C++:       |                                           ^
C/C++: /Users/nhfd_dev_mac/projects/nhcfr-wellness-app/node_modules/@react-native-community/slider/android/build/generated/source/codegen/jni/react/renderer/components/RNCSlider/EventEmitters.cpp:21:12: warning: '$' in identifier [-Wdollar-in-identifier-extension]
C/C++:    21 |     return $payload;
C/C++:       |            ^
C/C++: /Users/nhfd_dev_mac/projects/nhcfr-wellness-app/node_modules/@react-native-community/slider/android/build/generated/source/codegen/jni/react/renderer/components/RNCSlider/EventEmitters.cpp:26:77: warning: '$' in identifier [-Wdollar-in-identifier-extension]
C/C++:    26 | void RNCSliderEventEmitter::onRNCSliderSlidingStart(OnRNCSliderSlidingStart $event) const {
C/C++:       |                                                                             ^
C/C++: /Users/nhfd_dev_mac/projects/nhcfr-wellness-app/node_modules/@react-native-community/slider/android/build/generated/source/codegen/jni/react/renderer/components/RNCSlider/EventEmitters.cpp:27:43: warning: '$' in identifier [-Wdollar-in-identifier-extension]
C/C++:    27 |   dispatchEvent("rNCSliderSlidingStart", [$event=std::move($event)](jsi::Runtime &runtime) {
C/C++:       |                                           ^
C/C++: /Users/nhfd_dev_mac/projects/nhcfr-wellness-app/node_modules/@react-native-community/slider/android/build/generated/source/codegen/jni/react/renderer/components/RNCSlider/EventEmitters.cpp:27:60: warning: '$' in identifier [-Wdollar-in-identifier-extension]
C/C++:    27 |   dispatchEvent("rNCSliderSlidingStart", [$event=std::move($event)](jsi::Runtime &runtime) {
C/C++:       |                                                            ^
C/C++: /Users/nhfd_dev_mac/projects/nhcfr-wellness-app/node_modules/@react-native-community/slider/android/build/generated/source/codegen/jni/react/renderer/components/RNCSlider/EventEmitters.cpp:28:10: warning: '$' in identifier [-Wdollar-in-identifier-extension]
C/C++:    28 |     auto $payload = jsi::Object(runtime);
C/C++:       |          ^
C/C++: /Users/nhfd_dev_mac/projects/nhcfr-wellness-app/node_modules/@react-native-community/slider/android/build/generated/source/codegen/jni/react/renderer/components/RNCSlider/EventEmitters.cpp:29:5: warning: '$' in identifier [-Wdollar-in-identifier-extension]
C/C++:    29 |     $payload.setProperty(runtime, "value", $event.value);
C/C++:       |     ^
C/C++: /Users/nhfd_dev_mac/projects/nhcfr-wellness-app/node_modules/@react-native-community/slider/android/build/generated/source/codegen/jni/react/renderer/components/RNCSlider/EventEmitters.cpp:29:44: warning: '$' in identifier [-Wdollar-in-identifier-extension]
C/C++:    29 |     $payload.setProperty(runtime, "value", $event.value);
C/C++:       |                                            ^
C/C++: /Users/nhfd_dev_mac/projects/nhcfr-wellness-app/node_modules/@react-native-community/slider/android/build/generated/source/codegen/jni/react/renderer/components/RNCSlider/EventEmitters.cpp:30:1: warning: '$' in identifier [-Wdollar-in-identifier-extension]
C/C++:    30 | $payload.setProperty(runtime, "fromUser", $event.fromUser);
C/C++:       | ^
C/C++: /Users/nhfd_dev_mac/projects/nhcfr-wellness-app/node_modules/@react-native-community/slider/android/build/generated/source/codegen/jni/react/renderer/components/RNCSlider/EventEmitters.cpp:30:43: warning: '$' in identifier [-Wdollar-in-identifier-extension]
C/C++:    30 | $payload.setProperty(runtime, "fromUser", $event.fromUser);
C/C++:       |                                           ^
C/C++: /Users/nhfd_dev_mac/projects/nhcfr-wellness-app/node_modules/@react-native-community/slider/android/build/generated/source/codegen/jni/react/renderer/components/RNCSlider/EventEmitters.cpp:31:12: warning: '$' in identifier [-Wdollar-in-identifier-extension]
C/C++:    31 |     return $payload;
C/C++:       |            ^
C/C++: /Users/nhfd_dev_mac/projects/nhcfr-wellness-app/node_modules/@react-native-community/slider/android/build/generated/source/codegen/jni/react/renderer/components/RNCSlider/EventEmitters.cpp:36:83: warning: '$' in identifier [-Wdollar-in-identifier-extension]
C/C++:    36 | void RNCSliderEventEmitter::onRNCSliderSlidingComplete(OnRNCSliderSlidingComplete $event) const {
C/C++:       |                                                                                   ^
C/C++: /Users/nhfd_dev_mac/projects/nhcfr-wellness-app/node_modules/@react-native-community/slider/android/build/generated/source/codegen/jni/react/renderer/components/RNCSlider/EventEmitters.cpp:37:46: warning: '$' in identifier [-Wdollar-in-identifier-extension]
C/C++:    37 |   dispatchEvent("rNCSliderSlidingComplete", [$event=std::move($event)](jsi::Runtime &runtime) {
C/C++:       |                                              ^
C/C++: /Users/nhfd_dev_mac/projects/nhcfr-wellness-app/node_modules/@react-native-community/slider/android/build/generated/source/codegen/jni/react/renderer/components/RNCSlider/EventEmitters.cpp:37:63: warning: '$' in identifier [-Wdollar-in-identifier-extension]
C/C++:    37 |   dispatchEvent("rNCSliderSlidingComplete", [$event=std::move($event)](jsi::Runtime &runtime) {
C/C++:       |                                                               ^
C/C++: /Users/nhfd_dev_mac/projects/nhcfr-wellness-app/node_modules/@react-native-community/slider/android/build/generated/source/codegen/jni/react/renderer/components/RNCSlider/EventEmitters.cpp:38:10: warning: '$' in identifier [-Wdollar-in-identifier-extension]
C/C++:    38 |     auto $payload = jsi::Object(runtime);
C/C++:       |          ^
C/C++: /Users/nhfd_dev_mac/projects/nhcfr-wellness-app/node_modules/@react-native-community/slider/android/build/generated/source/codegen/jni/react/renderer/components/RNCSlider/EventEmitters.cpp:39:5: warning: '$' in identifier [-Wdollar-in-identifier-extension]
C/C++:    39 |     $payload.setProperty(runtime, "value", $event.value);
C/C++:       |     ^
C/C++: /Users/nhfd_dev_mac/projects/nhcfr-wellness-app/node_modules/@react-native-community/slider/android/build/generated/source/codegen/jni/react/renderer/components/RNCSlider/EventEmitters.cpp:39:44: warning: '$' in identifier [-Wdollar-in-identifier-extension]
C/C++:    39 |     $payload.setProperty(runtime, "value", $event.value);
C/C++:       |                                            ^
C/C++: /Users/nhfd_dev_mac/projects/nhcfr-wellness-app/node_modules/@react-native-community/slider/android/build/generated/source/codegen/jni/react/renderer/components/RNCSlider/EventEmitters.cpp:40:1: warning: '$' in identifier [-Wdollar-in-identifier-extension]
C/C++:    40 | $payload.setProperty(runtime, "fromUser", $event.fromUser);
C/C++:       | ^
C/C++: /Users/nhfd_dev_mac/projects/nhcfr-wellness-app/node_modules/@react-native-community/slider/android/build/generated/source/codegen/jni/react/renderer/components/RNCSlider/EventEmitters.cpp:40:43: warning: '$' in identifier [-Wdollar-in-identifier-extension]
C/C++:    40 | $payload.setProperty(runtime, "fromUser", $event.fromUser);
C/C++:       |                                           ^
C/C++: /Users/nhfd_dev_mac/projects/nhcfr-wellness-app/node_modules/@react-native-community/slider/android/build/generated/source/codegen/jni/react/renderer/components/RNCSlider/EventEmitters.cpp:41:12: warning: '$' in identifier [-Wdollar-in-identifier-extension]
C/C++:    41 |     return $payload;
C/C++:       |            ^
C/C++: /Users/nhfd_dev_mac/projects/nhcfr-wellness-app/node_modules/@react-native-community/slider/android/build/generated/source/codegen/jni/react/renderer/components/RNCSlider/EventEmitters.cpp:46:75: warning: '$' in identifier [-Wdollar-in-identifier-extension]
C/C++:    46 | void RNCSliderEventEmitter::onRNCSliderValueChange(OnRNCSliderValueChange $event) const {
C/C++:       |                                                                           ^
C/C++: /Users/nhfd_dev_mac/projects/nhcfr-wellness-app/node_modules/@react-native-community/slider/android/build/generated/source/codegen/jni/react/renderer/components/RNCSlider/EventEmitters.cpp:47:42: warning: '$' in identifier [-Wdollar-in-identifier-extension]
C/C++:    47 |   dispatchEvent("rNCSliderValueChange", [$event=std::move($event)](jsi::Runtime &runtime) {
C/C++:       |                                          ^
C/C++: /Users/nhfd_dev_mac/projects/nhcfr-wellness-app/node_modules/@react-native-community/slider/android/build/generated/source/codegen/jni/react/renderer/components/RNCSlider/EventEmitters.cpp:47:59: warning: '$' in identifier [-Wdollar-in-identifier-extension]
C/C++:    47 |   dispatchEvent("rNCSliderValueChange", [$event=std::move($event)](jsi::Runtime &runtime) {
C/C++:       |                                                           ^
C/C++: /Users/nhfd_dev_mac/projects/nhcfr-wellness-app/node_modules/@react-native-community/slider/android/build/generated/source/codegen/jni/react/renderer/components/RNCSlider/EventEmitters.cpp:48:10: warning: '$' in identifier [-Wdollar-in-identifier-extension]
C/C++:    48 |     auto $payload = jsi::Object(runtime);
C/C++:       |          ^
C/C++: /Users/nhfd_dev_mac/projects/nhcfr-wellness-app/node_modules/@react-native-community/slider/android/build/generated/source/codegen/jni/react/renderer/components/RNCSlider/EventEmitters.cpp:49:5: warning: '$' in identifier [-Wdollar-in-identifier-extension]
C/C++:    49 |     $payload.setProperty(runtime, "value", $event.value);
C/C++:       |     ^
C/C++: /Users/nhfd_dev_mac/projects/nhcfr-wellness-app/node_modules/@react-native-community/slider/android/build/generated/source/codegen/jni/react/renderer/components/RNCSlider/EventEmitters.cpp:49:44: warning: '$' in identifier [-Wdollar-in-identifier-extension]
C/C++:    49 |     $payload.setProperty(runtime, "value", $event.value);
C/C++:       |                                            ^
C/C++: /Users/nhfd_dev_mac/projects/nhcfr-wellness-app/node_modules/@react-native-community/slider/android/build/generated/source/codegen/jni/react/renderer/components/RNCSlider/EventEmitters.cpp:50:1: warning: '$' in identifier [-Wdollar-in-identifier-extension]
C/C++:    50 | $payload.setProperty(runtime, "fromUser", $event.fromUser);
C/C++:       | ^
C/C++: /Users/nhfd_dev_mac/projects/nhcfr-wellness-app/node_modules/@react-native-community/slider/android/build/generated/source/codegen/jni/react/renderer/components/RNCSlider/EventEmitters.cpp:50:43: warning: '$' in identifier [-Wdollar-in-identifier-extension]
C/C++:    50 | $payload.setProperty(runtime, "fromUser", $event.fromUser);
C/C++:       |                                           ^
C/C++: /Users/nhfd_dev_mac/projects/nhcfr-wellness-app/node_modules/@react-native-community/slider/android/build/generated/source/codegen/jni/react/renderer/components/RNCSlider/EventEmitters.cpp:51:12: warning: '$' in identifier [-Wdollar-in-identifier-extension]
C/C++:    51 |     return $payload;
C/C++:       |            ^
C/C++: 36 warnings generated.

> Task :app:configureCMakeDebug[armeabi-v7a]

> Task :app:buildCMakeDebug[armeabi-v7a]
C/C++: ninja: Entering directory `/Users/nhfd_dev_mac/projects/nhcfr-wellness-app/android/app/.cxx/Debug/1w4n3t6e/armeabi-v7a'
C/C++: /Users/nhfd_dev_mac/projects/nhcfr-wellness-app/node_modules/@react-native-community/slider/android/build/generated/source/codegen/jni/react/renderer/components/RNCSlider/EventEmitters.cpp:16:47: warning: '$' in identifier [-Wdollar-in-identifier-extension]
C/C++:    16 | void RNCSliderEventEmitter::onChange(OnChange $event) const {
C/C++:       |                                               ^
C/C++: /Users/nhfd_dev_mac/projects/nhcfr-wellness-app/node_modules/@react-native-community/slider/android/build/generated/source/codegen/jni/react/renderer/components/RNCSlider/EventEmitters.cpp:17:28: warning: '$' in identifier [-Wdollar-in-identifier-extension]
C/C++:    17 |   dispatchEvent("change", [$event=std::move($event)](jsi::Runtime &runtime) {
C/C++:       |                            ^
C/C++: /Users/nhfd_dev_mac/projects/nhcfr-wellness-app/node_modules/@react-native-community/slider/android/build/generated/source/codegen/jni/react/renderer/components/RNCSlider/EventEmitters.cpp:17:45: warning: '$' in identifier [-Wdollar-in-identifier-extension]
C/C++:    17 |   dispatchEvent("change", [$event=std::move($event)](jsi::Runtime &runtime) {
C/C++:       |                                             ^
C/C++: /Users/nhfd_dev_mac/projects/nhcfr-wellness-app/node_modules/@react-native-community/slider/android/build/generated/source/codegen/jni/react/renderer/components/RNCSlider/EventEmitters.cpp:18:10: warning: '$' in identifier [-Wdollar-in-identifier-extension]
C/C++:    18 |     auto $payload = jsi::Object(runtime);
C/C++:       |          ^
C/C++: /Users/nhfd_dev_mac/projects/nhcfr-wellness-app/node_modules/@react-native-community/slider/android/build/generated/source/codegen/jni/react/renderer/components/RNCSlider/EventEmitters.cpp:19:5: warning: '$' in identifier [-Wdollar-in-identifier-extension]
C/C++:    19 |     $payload.setProperty(runtime, "value", $event.value);
C/C++:       |     ^
C/C++: /Users/nhfd_dev_mac/projects/nhcfr-wellness-app/node_modules/@react-native-community/slider/android/build/generated/source/codegen/jni/react/renderer/components/RNCSlider/EventEmitters.cpp:19:44: warning: '$' in identifier [-Wdollar-in-identifier-extension]
C/C++:    19 |     $payload.setProperty(runtime, "value", $event.value);
C/C++:       |                                            ^
C/C++: /Users/nhfd_dev_mac/projects/nhcfr-wellness-app/node_modules/@react-native-community/slider/android/build/generated/source/codegen/jni/react/renderer/components/RNCSlider/EventEmitters.cpp:20:1: warning: '$' in identifier [-Wdollar-in-identifier-extension]
C/C++:    20 | $payload.setProperty(runtime, "fromUser", $event.fromUser);
C/C++:       | ^
C/C++: /Users/nhfd_dev_mac/projects/nhcfr-wellness-app/node_modules/@react-native-community/slider/android/build/generated/source/codegen/jni/react/renderer/components/RNCSlider/EventEmitters.cpp:20:43: warning: '$' in identifier [-Wdollar-in-identifier-extension]
C/C++:    20 | $payload.setProperty(runtime, "fromUser", $event.fromUser);
C/C++:       |                                           ^
C/C++: /Users/nhfd_dev_mac/projects/nhcfr-wellness-app/node_modules/@react-native-community/slider/android/build/generated/source/codegen/jni/react/renderer/components/RNCSlider/EventEmitters.cpp:21:12: warning: '$' in identifier [-Wdollar-in-identifier-extension]
C/C++:    21 |     return $payload;
C/C++:       |            ^
C/C++: /Users/nhfd_dev_mac/projects/nhcfr-wellness-app/node_modules/@react-native-community/slider/android/build/generated/source/codegen/jni/react/renderer/components/RNCSlider/EventEmitters.cpp:26:77: warning: '$' in identifier [-Wdollar-in-identifier-extension]
C/C++:    26 | void RNCSliderEventEmitter::onRNCSliderSlidingStart(OnRNCSliderSlidingStart $event) const {
C/C++:       |                                                                             ^
C/C++: /Users/nhfd_dev_mac/projects/nhcfr-wellness-app/node_modules/@react-native-community/slider/android/build/generated/source/codegen/jni/react/renderer/components/RNCSlider/EventEmitters.cpp:27:43: warning: '$' in identifier [-Wdollar-in-identifier-extension]
C/C++:    27 |   dispatchEvent("rNCSliderSlidingStart", [$event=std::move($event)](jsi::Runtime &runtime) {
C/C++:       |                                           ^
C/C++: /Users/nhfd_dev_mac/projects/nhcfr-wellness-app/node_modules/@react-native-community/slider/android/build/generated/source/codegen/jni/react/renderer/components/RNCSlider/EventEmitters.cpp:27:60: warning: '$' in identifier [-Wdollar-in-identifier-extension]
C/C++:    27 |   dispatchEvent("rNCSliderSlidingStart", [$event=std::move($event)](jsi::Runtime &runtime) {
C/C++:       |                                                            ^
C/C++: /Users/nhfd_dev_mac/projects/nhcfr-wellness-app/node_modules/@react-native-community/slider/android/build/generated/source/codegen/jni/react/renderer/components/RNCSlider/EventEmitters.cpp:28:10: warning: '$' in identifier [-Wdollar-in-identifier-extension]
C/C++:    28 |     auto $payload = jsi::Object(runtime);
C/C++:       |          ^
C/C++: /Users/nhfd_dev_mac/projects/nhcfr-wellness-app/node_modules/@react-native-community/slider/android/build/generated/source/codegen/jni/react/renderer/components/RNCSlider/EventEmitters.cpp:29:5: warning: '$' in identifier [-Wdollar-in-identifier-extension]
C/C++:    29 |     $payload.setProperty(runtime, "value", $event.value);
C/C++:       |     ^
C/C++: /Users/nhfd_dev_mac/projects/nhcfr-wellness-app/node_modules/@react-native-community/slider/android/build/generated/source/codegen/jni/react/renderer/components/RNCSlider/EventEmitters.cpp:29:44: warning: '$' in identifier [-Wdollar-in-identifier-extension]
C/C++:    29 |     $payload.setProperty(runtime, "value", $event.value);
C/C++:       |                                            ^
C/C++: /Users/nhfd_dev_mac/projects/nhcfr-wellness-app/node_modules/@react-native-community/slider/android/build/generated/source/codegen/jni/react/renderer/components/RNCSlider/EventEmitters.cpp:30:1: warning: '$' in identifier [-Wdollar-in-identifier-extension]
C/C++:    30 | $payload.setProperty(runtime, "fromUser", $event.fromUser);
C/C++:       | ^
C/C++: /Users/nhfd_dev_mac/projects/nhcfr-wellness-app/node_modules/@react-native-community/slider/android/build/generated/source/codegen/jni/react/renderer/components/RNCSlider/EventEmitters.cpp:30:43: warning: '$' in identifier [-Wdollar-in-identifier-extension]
C/C++:    30 | $payload.setProperty(runtime, "fromUser", $event.fromUser);
C/C++:       |                                           ^
C/C++: /Users/nhfd_dev_mac/projects/nhcfr-wellness-app/node_modules/@react-native-community/slider/android/build/generated/source/codegen/jni/react/renderer/components/RNCSlider/EventEmitters.cpp:31:12: warning: '$' in identifier [-Wdollar-in-identifier-extension]
C/C++:    31 |     return $payload;
C/C++:       |            ^
C/C++: /Users/nhfd_dev_mac/projects/nhcfr-wellness-app/node_modules/@react-native-community/slider/android/build/generated/source/codegen/jni/react/renderer/components/RNCSlider/EventEmitters.cpp:36:83: warning: '$' in identifier [-Wdollar-in-identifier-extension]
C/C++:    36 | void RNCSliderEventEmitter::onRNCSliderSlidingComplete(OnRNCSliderSlidingComplete $event) const {
C/C++:       |                                                                                   ^
C/C++: /Users/nhfd_dev_mac/projects/nhcfr-wellness-app/node_modules/@react-native-community/slider/android/build/generated/source/codegen/jni/react/renderer/components/RNCSlider/EventEmitters.cpp:37:46: warning: '$' in identifier [-Wdollar-in-identifier-extension]
C/C++:    37 |   dispatchEvent("rNCSliderSlidingComplete", [$event=std::move($event)](jsi::Runtime &runtime) {
C/C++:       |                                              ^
C/C++: /Users/nhfd_dev_mac/projects/nhcfr-wellness-app/node_modules/@react-native-community/slider/android/build/generated/source/codegen/jni/react/renderer/components/RNCSlider/EventEmitters.cpp:37:63: warning: '$' in identifier [-Wdollar-in-identifier-extension]
C/C++:    37 |   dispatchEvent("rNCSliderSlidingComplete", [$event=std::move($event)](jsi::Runtime &runtime) {
C/C++:       |                                                               ^
C/C++: /Users/nhfd_dev_mac/projects/nhcfr-wellness-app/node_modules/@react-native-community/slider/android/build/generated/source/codegen/jni/react/renderer/components/RNCSlider/EventEmitters.cpp:38:10: warning: '$' in identifier [-Wdollar-in-identifier-extension]
C/C++:    38 |     auto $payload = jsi::Object(runtime);
C/C++:       |          ^
C/C++: /Users/nhfd_dev_mac/projects/nhcfr-wellness-app/node_modules/@react-native-community/slider/android/build/generated/source/codegen/jni/react/renderer/components/RNCSlider/EventEmitters.cpp:39:5: warning: '$' in identifier [-Wdollar-in-identifier-extension]
C/C++:    39 |     $payload.setProperty(runtime, "value", $event.value);
C/C++:       |     ^
C/C++: /Users/nhfd_dev_mac/projects/nhcfr-wellness-app/node_modules/@react-native-community/slider/android/build/generated/source/codegen/jni/react/renderer/components/RNCSlider/EventEmitters.cpp:39:44: warning: '$' in identifier [-Wdollar-in-identifier-extension]
C/C++:    39 |     $payload.setProperty(runtime, "value", $event.value);
C/C++:       |                                            ^
C/C++: /Users/nhfd_dev_mac/projects/nhcfr-wellness-app/node_modules/@react-native-community/slider/android/build/generated/source/codegen/jni/react/renderer/components/RNCSlider/EventEmitters.cpp:40:1: warning: '$' in identifier [-Wdollar-in-identifier-extension]
C/C++:    40 | $payload.setProperty(runtime, "fromUser", $event.fromUser);
C/C++:       | ^
C/C++: /Users/nhfd_dev_mac/projects/nhcfr-wellness-app/node_modules/@react-native-community/slider/android/build/generated/source/codegen/jni/react/renderer/components/RNCSlider/EventEmitters.cpp:40:43: warning: '$' in identifier [-Wdollar-in-identifier-extension]
C/C++:    40 | $payload.setProperty(runtime, "fromUser", $event.fromUser);
C/C++:       |                                           ^
C/C++: /Users/nhfd_dev_mac/projects/nhcfr-wellness-app/node_modules/@react-native-community/slider/android/build/generated/source/codegen/jni/react/renderer/components/RNCSlider/EventEmitters.cpp:41:12: warning: '$' in identifier [-Wdollar-in-identifier-extension]
C/C++:    41 |     return $payload;
C/C++:       |            ^
C/C++: /Users/nhfd_dev_mac/projects/nhcfr-wellness-app/node_modules/@react-native-community/slider/android/build/generated/source/codegen/jni/react/renderer/components/RNCSlider/EventEmitters.cpp:46:75: warning: '$' in identifier [-Wdollar-in-identifier-extension]
C/C++:    46 | void RNCSliderEventEmitter::onRNCSliderValueChange(OnRNCSliderValueChange $event) const {
C/C++:       |                                                                           ^
C/C++: /Users/nhfd_dev_mac/projects/nhcfr-wellness-app/node_modules/@react-native-community/slider/android/build/generated/source/codegen/jni/react/renderer/components/RNCSlider/EventEmitters.cpp:47:42: warning: '$' in identifier [-Wdollar-in-identifier-extension]
C/C++:    47 |   dispatchEvent("rNCSliderValueChange", [$event=std::move($event)](jsi::Runtime &runtime) {
C/C++:       |                                          ^
C/C++: /Users/nhfd_dev_mac/projects/nhcfr-wellness-app/node_modules/@react-native-community/slider/android/build/generated/source/codegen/jni/react/renderer/components/RNCSlider/EventEmitters.cpp:47:59: warning: '$' in identifier [-Wdollar-in-identifier-extension]
C/C++:    47 |   dispatchEvent("rNCSliderValueChange", [$event=std::move($event)](jsi::Runtime &runtime) {
C/C++:       |                                                           ^
C/C++: /Users/nhfd_dev_mac/projects/nhcfr-wellness-app/node_modules/@react-native-community/slider/android/build/generated/source/codegen/jni/react/renderer/components/RNCSlider/EventEmitters.cpp:48:10: warning: '$' in identifier [-Wdollar-in-identifier-extension]
C/C++:    48 |     auto $payload = jsi::Object(runtime);
C/C++:       |          ^
C/C++: /Users/nhfd_dev_mac/projects/nhcfr-wellness-app/node_modules/@react-native-community/slider/android/build/generated/source/codegen/jni/react/renderer/components/RNCSlider/EventEmitters.cpp:49:5: warning: '$' in identifier [-Wdollar-in-identifier-extension]
C/C++:    49 |     $payload.setProperty(runtime, "value", $event.value);
C/C++:       |     ^
C/C++: /Users/nhfd_dev_mac/projects/nhcfr-wellness-app/node_modules/@react-native-community/slider/android/build/generated/source/codegen/jni/react/renderer/components/RNCSlider/EventEmitters.cpp:49:44: warning: '$' in identifier [-Wdollar-in-identifier-extension]
C/C++:    49 |     $payload.setProperty(runtime, "value", $event.value);
C/C++:       |                                            ^
C/C++: /Users/nhfd_dev_mac/projects/nhcfr-wellness-app/node_modules/@react-native-community/slider/android/build/generated/source/codegen/jni/react/renderer/components/RNCSlider/EventEmitters.cpp:50:1: warning: '$' in identifier [-Wdollar-in-identifier-extension]
C/C++:    50 | $payload.setProperty(runtime, "fromUser", $event.fromUser);
C/C++:       | ^
C/C++: /Users/nhfd_dev_mac/projects/nhcfr-wellness-app/node_modules/@react-native-community/slider/android/build/generated/source/codegen/jni/react/renderer/components/RNCSlider/EventEmitters.cpp:50:43: warning: '$' in identifier [-Wdollar-in-identifier-extension]
C/C++:    50 | $payload.setProperty(runtime, "fromUser", $event.fromUser);
C/C++:       |                                           ^
C/C++: /Users/nhfd_dev_mac/projects/nhcfr-wellness-app/node_modules/@react-native-community/slider/android/build/generated/source/codegen/jni/react/renderer/components/RNCSlider/EventEmitters.cpp:51:12: warning: '$' in identifier [-Wdollar-in-identifier-extension]
C/C++:    51 |     return $payload;
C/C++:       |            ^
C/C++: 36 warnings generated.

> Task :app:configureCMakeDebug[x86]

> Task :app:buildCMakeDebug[x86]
C/C++: ninja: Entering directory `/Users/nhfd_dev_mac/projects/nhcfr-wellness-app/android/app/.cxx/Debug/1w4n3t6e/x86'
C/C++: /Users/nhfd_dev_mac/projects/nhcfr-wellness-app/node_modules/@react-native-community/slider/android/build/generated/source/codegen/jni/react/renderer/components/RNCSlider/EventEmitters.cpp:16:47: warning: '$' in identifier [-Wdollar-in-identifier-extension]
C/C++:    16 | void RNCSliderEventEmitter::onChange(OnChange $event) const {
C/C++:       |                                               ^
C/C++: /Users/nhfd_dev_mac/projects/nhcfr-wellness-app/node_modules/@react-native-community/slider/android/build/generated/source/codegen/jni/react/renderer/components/RNCSlider/EventEmitters.cpp:17:28: warning: '$' in identifier [-Wdollar-in-identifier-extension]
C/C++:    17 |   dispatchEvent("change", [$event=std::move($event)](jsi::Runtime &runtime) {
C/C++:       |                            ^
C/C++: /Users/nhfd_dev_mac/projects/nhcfr-wellness-app/node_modules/@react-native-community/slider/android/build/generated/source/codegen/jni/react/renderer/components/RNCSlider/EventEmitters.cpp:17:45: warning: '$' in identifier [-Wdollar-in-identifier-extension]
C/C++:    17 |   dispatchEvent("change", [$event=std::move($event)](jsi::Runtime &runtime) {
C/C++:       |                                             ^
C/C++: /Users/nhfd_dev_mac/projects/nhcfr-wellness-app/node_modules/@react-native-community/slider/android/build/generated/source/codegen/jni/react/renderer/components/RNCSlider/EventEmitters.cpp:18:10: warning: '$' in identifier [-Wdollar-in-identifier-extension]
C/C++:    18 |     auto $payload = jsi::Object(runtime);
C/C++:       |          ^
C/C++: /Users/nhfd_dev_mac/projects/nhcfr-wellness-app/node_modules/@react-native-community/slider/android/build/generated/source/codegen/jni/react/renderer/components/RNCSlider/EventEmitters.cpp:19:5: warning: '$' in identifier [-Wdollar-in-identifier-extension]
C/C++:    19 |     $payload.setProperty(runtime, "value", $event.value);
C/C++:       |     ^
C/C++: /Users/nhfd_dev_mac/projects/nhcfr-wellness-app/node_modules/@react-native-community/slider/android/build/generated/source/codegen/jni/react/renderer/components/RNCSlider/EventEmitters.cpp:19:44: warning: '$' in identifier [-Wdollar-in-identifier-extension]
C/C++:    19 |     $payload.setProperty(runtime, "value", $event.value);
C/C++:       |                                            ^
C/C++: /Users/nhfd_dev_mac/projects/nhcfr-wellness-app/node_modules/@react-native-community/slider/android/build/generated/source/codegen/jni/react/renderer/components/RNCSlider/EventEmitters.cpp:20:1: warning: '$' in identifier [-Wdollar-in-identifier-extension]
C/C++:    20 | $payload.setProperty(runtime, "fromUser", $event.fromUser);
C/C++:       | ^
C/C++: /Users/nhfd_dev_mac/projects/nhcfr-wellness-app/node_modules/@react-native-community/slider/android/build/generated/source/codegen/jni/react/renderer/components/RNCSlider/EventEmitters.cpp:20:43: warning: '$' in identifier [-Wdollar-in-identifier-extension]
C/C++:    20 | $payload.setProperty(runtime, "fromUser", $event.fromUser);
C/C++:       |                                           ^
C/C++: /Users/nhfd_dev_mac/projects/nhcfr-wellness-app/node_modules/@react-native-community/slider/android/build/generated/source/codegen/jni/react/renderer/components/RNCSlider/EventEmitters.cpp:21:12: warning: '$' in identifier [-Wdollar-in-identifier-extension]
C/C++:    21 |     return $payload;
C/C++:       |            ^
C/C++: /Users/nhfd_dev_mac/projects/nhcfr-wellness-app/node_modules/@react-native-community/slider/android/build/generated/source/codegen/jni/react/renderer/components/RNCSlider/EventEmitters.cpp:26:77: warning: '$' in identifier [-Wdollar-in-identifier-extension]
C/C++:    26 | void RNCSliderEventEmitter::onRNCSliderSlidingStart(OnRNCSliderSlidingStart $event) const {
C/C++:       |                                                                             ^
C/C++: /Users/nhfd_dev_mac/projects/nhcfr-wellness-app/node_modules/@react-native-community/slider/android/build/generated/source/codegen/jni/react/renderer/components/RNCSlider/EventEmitters.cpp:27:43: warning: '$' in identifier [-Wdollar-in-identifier-extension]
C/C++:    27 |   dispatchEvent("rNCSliderSlidingStart", [$event=std::move($event)](jsi::Runtime &runtime) {
C/C++:       |                                           ^
C/C++: /Users/nhfd_dev_mac/projects/nhcfr-wellness-app/node_modules/@react-native-community/slider/android/build/generated/source/codegen/jni/react/renderer/components/RNCSlider/EventEmitters.cpp:27:60: warning: '$' in identifier [-Wdollar-in-identifier-extension]
C/C++:    27 |   dispatchEvent("rNCSliderSlidingStart", [$event=std::move($event)](jsi::Runtime &runtime) {
C/C++:       |                                                            ^
C/C++: /Users/nhfd_dev_mac/projects/nhcfr-wellness-app/node_modules/@react-native-community/slider/android/build/generated/source/codegen/jni/react/renderer/components/RNCSlider/EventEmitters.cpp:28:10: warning: '$' in identifier [-Wdollar-in-identifier-extension]
C/C++:    28 |     auto $payload = jsi::Object(runtime);
C/C++:       |          ^
C/C++: /Users/nhfd_dev_mac/projects/nhcfr-wellness-app/node_modules/@react-native-community/slider/android/build/generated/source/codegen/jni/react/renderer/components/RNCSlider/EventEmitters.cpp:29:5: warning: '$' in identifier [-Wdollar-in-identifier-extension]
C/C++:    29 |     $payload.setProperty(runtime, "value", $event.value);
C/C++:       |     ^
C/C++: /Users/nhfd_dev_mac/projects/nhcfr-wellness-app/node_modules/@react-native-community/slider/android/build/generated/source/codegen/jni/react/renderer/components/RNCSlider/EventEmitters.cpp:29:44: warning: '$' in identifier [-Wdollar-in-identifier-extension]
C/C++:    29 |     $payload.setProperty(runtime, "value", $event.value);
C/C++:       |                                            ^
C/C++: /Users/nhfd_dev_mac/projects/nhcfr-wellness-app/node_modules/@react-native-community/slider/android/build/generated/source/codegen/jni/react/renderer/components/RNCSlider/EventEmitters.cpp:30:1: warning: '$' in identifier [-Wdollar-in-identifier-extension]
C/C++:    30 | $payload.setProperty(runtime, "fromUser", $event.fromUser);
C/C++:       | ^
C/C++: /Users/nhfd_dev_mac/projects/nhcfr-wellness-app/node_modules/@react-native-community/slider/android/build/generated/source/codegen/jni/react/renderer/components/RNCSlider/EventEmitters.cpp:30:43: warning: '$' in identifier [-Wdollar-in-identifier-extension]
C/C++:    30 | $payload.setProperty(runtime, "fromUser", $event.fromUser);
C/C++:       |                                           ^
C/C++: /Users/nhfd_dev_mac/projects/nhcfr-wellness-app/node_modules/@react-native-community/slider/android/build/generated/source/codegen/jni/react/renderer/components/RNCSlider/EventEmitters.cpp:31:12: warning: '$' in identifier [-Wdollar-in-identifier-extension]
C/C++:    31 |     return $payload;
C/C++:       |            ^
C/C++: /Users/nhfd_dev_mac/projects/nhcfr-wellness-app/node_modules/@react-native-community/slider/android/build/generated/source/codegen/jni/react/renderer/components/RNCSlider/EventEmitters.cpp:36:83: warning: '$' in identifier [-Wdollar-in-identifier-extension]
C/C++:    36 | void RNCSliderEventEmitter::onRNCSliderSlidingComplete(OnRNCSliderSlidingComplete $event) const {
C/C++:       |                                                                                   ^
C/C++: /Users/nhfd_dev_mac/projects/nhcfr-wellness-app/node_modules/@react-native-community/slider/android/build/generated/source/codegen/jni/react/renderer/components/RNCSlider/EventEmitters.cpp:37:46: warning: '$' in identifier [-Wdollar-in-identifier-extension]
C/C++:    37 |   dispatchEvent("rNCSliderSlidingComplete", [$event=std::move($event)](jsi::Runtime &runtime) {
C/C++:       |                                              ^
C/C++: /Users/nhfd_dev_mac/projects/nhcfr-wellness-app/node_modules/@react-native-community/slider/android/build/generated/source/codegen/jni/react/renderer/components/RNCSlider/EventEmitters.cpp:37:63: warning: '$' in identifier [-Wdollar-in-identifier-extension]
C/C++:    37 |   dispatchEvent("rNCSliderSlidingComplete", [$event=std::move($event)](jsi::Runtime &runtime) {
C/C++:       |                                                               ^
C/C++: /Users/nhfd_dev_mac/projects/nhcfr-wellness-app/node_modules/@react-native-community/slider/android/build/generated/source/codegen/jni/react/renderer/components/RNCSlider/EventEmitters.cpp:38:10: warning: '$' in identifier [-Wdollar-in-identifier-extension]
C/C++:    38 |     auto $payload = jsi::Object(runtime);
C/C++:       |          ^
C/C++: /Users/nhfd_dev_mac/projects/nhcfr-wellness-app/node_modules/@react-native-community/slider/android/build/generated/source/codegen/jni/react/renderer/components/RNCSlider/EventEmitters.cpp:39:5: warning: '$' in identifier [-Wdollar-in-identifier-extension]
C/C++:    39 |     $payload.setProperty(runtime, "value", $event.value);
C/C++:       |     ^
C/C++: /Users/nhfd_dev_mac/projects/nhcfr-wellness-app/node_modules/@react-native-community/slider/android/build/generated/source/codegen/jni/react/renderer/components/RNCSlider/EventEmitters.cpp:39:44: warning: '$' in identifier [-Wdollar-in-identifier-extension]
C/C++:    39 |     $payload.setProperty(runtime, "value", $event.value);
C/C++:       |                                            ^
C/C++: /Users/nhfd_dev_mac/projects/nhcfr-wellness-app/node_modules/@react-native-community/slider/android/build/generated/source/codegen/jni/react/renderer/components/RNCSlider/EventEmitters.cpp:40:1: warning: '$' in identifier [-Wdollar-in-identifier-extension]
C/C++:    40 | $payload.setProperty(runtime, "fromUser", $event.fromUser);
C/C++:       | ^
C/C++: /Users/nhfd_dev_mac/projects/nhcfr-wellness-app/node_modules/@react-native-community/slider/android/build/generated/source/codegen/jni/react/renderer/components/RNCSlider/EventEmitters.cpp:40:43: warning: '$' in identifier [-Wdollar-in-identifier-extension]
C/C++:    40 | $payload.setProperty(runtime, "fromUser", $event.fromUser);
C/C++:       |                                           ^
C/C++: /Users/nhfd_dev_mac/projects/nhcfr-wellness-app/node_modules/@react-native-community/slider/android/build/generated/source/codegen/jni/react/renderer/components/RNCSlider/EventEmitters.cpp:41:12: warning: '$' in identifier [-Wdollar-in-identifier-extension]
C/C++:    41 |     return $payload;
C/C++:       |            ^
C/C++: /Users/nhfd_dev_mac/projects/nhcfr-wellness-app/node_modules/@react-native-community/slider/android/build/generated/source/codegen/jni/react/renderer/components/RNCSlider/EventEmitters.cpp:46:75: warning: '$' in identifier [-Wdollar-in-identifier-extension]
C/C++:    46 | void RNCSliderEventEmitter::onRNCSliderValueChange(OnRNCSliderValueChange $event) const {
C/C++:       |                                                                           ^
C/C++: /Users/nhfd_dev_mac/projects/nhcfr-wellness-app/node_modules/@react-native-community/slider/android/build/generated/source/codegen/jni/react/renderer/components/RNCSlider/EventEmitters.cpp:47:42: warning: '$' in identifier [-Wdollar-in-identifier-extension]
C/C++:    47 |   dispatchEvent("rNCSliderValueChange", [$event=std::move($event)](jsi::Runtime &runtime) {
C/C++:       |                                          ^
C/C++: /Users/nhfd_dev_mac/projects/nhcfr-wellness-app/node_modules/@react-native-community/slider/android/build/generated/source/codegen/jni/react/renderer/components/RNCSlider/EventEmitters.cpp:47:59: warning: '$' in identifier [-Wdollar-in-identifier-extension]
C/C++:    47 |   dispatchEvent("rNCSliderValueChange", [$event=std::move($event)](jsi::Runtime &runtime) {
C/C++:       |                                                           ^
C/C++: /Users/nhfd_dev_mac/projects/nhcfr-wellness-app/node_modules/@react-native-community/slider/android/build/generated/source/codegen/jni/react/renderer/components/RNCSlider/EventEmitters.cpp:48:10: warning: '$' in identifier [-Wdollar-in-identifier-extension]
C/C++:    48 |     auto $payload = jsi::Object(runtime);
C/C++:       |          ^
C/C++: /Users/nhfd_dev_mac/projects/nhcfr-wellness-app/node_modules/@react-native-community/slider/android/build/generated/source/codegen/jni/react/renderer/components/RNCSlider/EventEmitters.cpp:49:5: warning: '$' in identifier [-Wdollar-in-identifier-extension]
C/C++:    49 |     $payload.setProperty(runtime, "value", $event.value);
C/C++:       |     ^
C/C++: /Users/nhfd_dev_mac/projects/nhcfr-wellness-app/node_modules/@react-native-community/slider/android/build/generated/source/codegen/jni/react/renderer/components/RNCSlider/EventEmitters.cpp:49:44: warning: '$' in identifier [-Wdollar-in-identifier-extension]
C/C++:    49 |     $payload.setProperty(runtime, "value", $event.value);
C/C++:       |                                            ^
C/C++: /Users/nhfd_dev_mac/projects/nhcfr-wellness-app/node_modules/@react-native-community/slider/android/build/generated/source/codegen/jni/react/renderer/components/RNCSlider/EventEmitters.cpp:50:1: warning: '$' in identifier [-Wdollar-in-identifier-extension]
C/C++:    50 | $payload.setProperty(runtime, "fromUser", $event.fromUser);
C/C++:       | ^
C/C++: /Users/nhfd_dev_mac/projects/nhcfr-wellness-app/node_modules/@react-native-community/slider/android/build/generated/source/codegen/jni/react/renderer/components/RNCSlider/EventEmitters.cpp:50:43: warning: '$' in identifier [-Wdollar-in-identifier-extension]
C/C++:    50 | $payload.setProperty(runtime, "fromUser", $event.fromUser);
C/C++:       |                                           ^
C/C++: /Users/nhfd_dev_mac/projects/nhcfr-wellness-app/node_modules/@react-native-community/slider/android/build/generated/source/codegen/jni/react/renderer/components/RNCSlider/EventEmitters.cpp:51:12: warning: '$' in identifier [-Wdollar-in-identifier-extension]
C/C++:    51 |     return $payload;
C/C++:       |            ^
C/C++: 36 warnings generated.

> Task :app:configureCMakeDebug[x86_64]

> Task :app:buildCMakeDebug[x86_64]
C/C++: ninja: Entering directory `/Users/nhfd_dev_mac/projects/nhcfr-wellness-app/android/app/.cxx/Debug/1w4n3t6e/x86_64'
C/C++: /Users/nhfd_dev_mac/projects/nhcfr-wellness-app/node_modules/@react-native-community/slider/android/build/generated/source/codegen/jni/react/renderer/components/RNCSlider/EventEmitters.cpp:16:47: warning: '$' in identifier [-Wdollar-in-identifier-extension]
C/C++:    16 | void RNCSliderEventEmitter::onChange(OnChange $event) const {
C/C++:       |                                               ^
C/C++: /Users/nhfd_dev_mac/projects/nhcfr-wellness-app/node_modules/@react-native-community/slider/android/build/generated/source/codegen/jni/react/renderer/components/RNCSlider/EventEmitters.cpp:17:28: warning: '$' in identifier [-Wdollar-in-identifier-extension]
C/C++:    17 |   dispatchEvent("change", [$event=std::move($event)](jsi::Runtime &runtime) {
C/C++:       |                            ^
C/C++: /Users/nhfd_dev_mac/projects/nhcfr-wellness-app/node_modules/@react-native-community/slider/android/build/generated/source/codegen/jni/react/renderer/components/RNCSlider/EventEmitters.cpp:17:45: warning: '$' in identifier [-Wdollar-in-identifier-extension]
C/C++:    17 |   dispatchEvent("change", [$event=std::move($event)](jsi::Runtime &runtime) {
C/C++:       |                                             ^
C/C++: /Users/nhfd_dev_mac/projects/nhcfr-wellness-app/node_modules/@react-native-community/slider/android/build/generated/source/codegen/jni/react/renderer/components/RNCSlider/EventEmitters.cpp:18:10: warning: '$' in identifier [-Wdollar-in-identifier-extension]
C/C++:    18 |     auto $payload = jsi::Object(runtime);
C/C++:       |          ^
C/C++: /Users/nhfd_dev_mac/projects/nhcfr-wellness-app/node_modules/@react-native-community/slider/android/build/generated/source/codegen/jni/react/renderer/components/RNCSlider/EventEmitters.cpp:19:5: warning: '$' in identifier [-Wdollar-in-identifier-extension]
C/C++:    19 |     $payload.setProperty(runtime, "value", $event.value);
C/C++:       |     ^
C/C++: /Users/nhfd_dev_mac/projects/nhcfr-wellness-app/node_modules/@react-native-community/slider/android/build/generated/source/codegen/jni/react/renderer/components/RNCSlider/EventEmitters.cpp:19:44: warning: '$' in identifier [-Wdollar-in-identifier-extension]
C/C++:    19 |     $payload.setProperty(runtime, "value", $event.value);
C/C++:       |                                            ^
C/C++: /Users/nhfd_dev_mac/projects/nhcfr-wellness-app/node_modules/@react-native-community/slider/android/build/generated/source/codegen/jni/react/renderer/components/RNCSlider/EventEmitters.cpp:20:1: warning: '$' in identifier [-Wdollar-in-identifier-extension]
C/C++:    20 | $payload.setProperty(runtime, "fromUser", $event.fromUser);
C/C++:       | ^
C/C++: /Users/nhfd_dev_mac/projects/nhcfr-wellness-app/node_modules/@react-native-community/slider/android/build/generated/source/codegen/jni/react/renderer/components/RNCSlider/EventEmitters.cpp:20:43: warning: '$' in identifier [-Wdollar-in-identifier-extension]
C/C++:    20 | $payload.setProperty(runtime, "fromUser", $event.fromUser);
C/C++:       |                                           ^
C/C++: /Users/nhfd_dev_mac/projects/nhcfr-wellness-app/node_modules/@react-native-community/slider/android/build/generated/source/codegen/jni/react/renderer/components/RNCSlider/EventEmitters.cpp:21:12: warning: '$' in identifier [-Wdollar-in-identifier-extension]
C/C++:    21 |     return $payload;
C/C++:       |            ^
C/C++: /Users/nhfd_dev_mac/projects/nhcfr-wellness-app/node_modules/@react-native-community/slider/android/build/generated/source/codegen/jni/react/renderer/components/RNCSlider/EventEmitters.cpp:26:77: warning: '$' in identifier [-Wdollar-in-identifier-extension]
C/C++:    26 | void RNCSliderEventEmitter::onRNCSliderSlidingStart(OnRNCSliderSlidingStart $event) const {
C/C++:       |                                                                             ^
C/C++: /Users/nhfd_dev_mac/projects/nhcfr-wellness-app/node_modules/@react-native-community/slider/android/build/generated/source/codegen/jni/react/renderer/components/RNCSlider/EventEmitters.cpp:27:43: warning: '$' in identifier [-Wdollar-in-identifier-extension]
C/C++:    27 |   dispatchEvent("rNCSliderSlidingStart", [$event=std::move($event)](jsi::Runtime &runtime) {
C/C++:       |                                           ^
C/C++: /Users/nhfd_dev_mac/projects/nhcfr-wellness-app/node_modules/@react-native-community/slider/android/build/generated/source/codegen/jni/react/renderer/components/RNCSlider/EventEmitters.cpp:27:60: warning: '$' in identifier [-Wdollar-in-identifier-extension]
C/C++:    27 |   dispatchEvent("rNCSliderSlidingStart", [$event=std::move($event)](jsi::Runtime &runtime) {
C/C++:       |                                                            ^
C/C++: /Users/nhfd_dev_mac/projects/nhcfr-wellness-app/node_modules/@react-native-community/slider/android/build/generated/source/codegen/jni/react/renderer/components/RNCSlider/EventEmitters.cpp:28:10: warning: '$' in identifier [-Wdollar-in-identifier-extension]
C/C++:    28 |     auto $payload = jsi::Object(runtime);
C/C++:       |          ^
C/C++: /Users/nhfd_dev_mac/projects/nhcfr-wellness-app/node_modules/@react-native-community/slider/android/build/generated/source/codegen/jni/react/renderer/components/RNCSlider/EventEmitters.cpp:29:5: warning: '$' in identifier [-Wdollar-in-identifier-extension]
C/C++:    29 |     $payload.setProperty(runtime, "value", $event.value);
C/C++:       |     ^
C/C++: /Users/nhfd_dev_mac/projects/nhcfr-wellness-app/node_modules/@react-native-community/slider/android/build/generated/source/codegen/jni/react/renderer/components/RNCSlider/EventEmitters.cpp:29:44: warning: '$' in identifier [-Wdollar-in-identifier-extension]
C/C++:    29 |     $payload.setProperty(runtime, "value", $event.value);
C/C++:       |                                            ^
C/C++: /Users/nhfd_dev_mac/projects/nhcfr-wellness-app/node_modules/@react-native-community/slider/android/build/generated/source/codegen/jni/react/renderer/components/RNCSlider/EventEmitters.cpp:30:1: warning: '$' in identifier [-Wdollar-in-identifier-extension]
C/C++:    30 | $payload.setProperty(runtime, "fromUser", $event.fromUser);
C/C++:       | ^
C/C++: /Users/nhfd_dev_mac/projects/nhcfr-wellness-app/node_modules/@react-native-community/slider/android/build/generated/source/codegen/jni/react/renderer/components/RNCSlider/EventEmitters.cpp:30:43: warning: '$' in identifier [-Wdollar-in-identifier-extension]
C/C++:    30 | $payload.setProperty(runtime, "fromUser", $event.fromUser);
C/C++:       |                                           ^
C/C++: /Users/nhfd_dev_mac/projects/nhcfr-wellness-app/node_modules/@react-native-community/slider/android/build/generated/source/codegen/jni/react/renderer/components/RNCSlider/EventEmitters.cpp:31:12: warning: '$' in identifier [-Wdollar-in-identifier-extension]
C/C++:    31 |     return $payload;
C/C++:       |            ^
C/C++: /Users/nhfd_dev_mac/projects/nhcfr-wellness-app/node_modules/@react-native-community/slider/android/build/generated/source/codegen/jni/react/renderer/components/RNCSlider/EventEmitters.cpp:36:83: warning: '$' in identifier [-Wdollar-in-identifier-extension]
C/C++:    36 | void RNCSliderEventEmitter::onRNCSliderSlidingComplete(OnRNCSliderSlidingComplete $event) const {
C/C++:       |                                                                                   ^
C/C++: /Users/nhfd_dev_mac/projects/nhcfr-wellness-app/node_modules/@react-native-community/slider/android/build/generated/source/codegen/jni/react/renderer/components/RNCSlider/EventEmitters.cpp:37:46: warning: '$' in identifier [-Wdollar-in-identifier-extension]
C/C++:    37 |   dispatchEvent("rNCSliderSlidingComplete", [$event=std::move($event)](jsi::Runtime &runtime) {
C/C++:       |                                              ^
C/C++: /Users/nhfd_dev_mac/projects/nhcfr-wellness-app/node_modules/@react-native-community/slider/android/build/generated/source/codegen/jni/react/renderer/components/RNCSlider/EventEmitters.cpp:37:63: warning: '$' in identifier [-Wdollar-in-identifier-extension]
C/C++:    37 |   dispatchEvent("rNCSliderSlidingComplete", [$event=std::move($event)](jsi::Runtime &runtime) {
C/C++:       |                                                               ^
C/C++: /Users/nhfd_dev_mac/projects/nhcfr-wellness-app/node_modules/@react-native-community/slider/android/build/generated/source/codegen/jni/react/renderer/components/RNCSlider/EventEmitters.cpp:38:10: warning: '$' in identifier [-Wdollar-in-identifier-extension]
C/C++:    38 |     auto $payload = jsi::Object(runtime);
C/C++:       |          ^
C/C++: /Users/nhfd_dev_mac/projects/nhcfr-wellness-app/node_modules/@react-native-community/slider/android/build/generated/source/codegen/jni/react/renderer/components/RNCSlider/EventEmitters.cpp:39:5: warning: '$' in identifier [-Wdollar-in-identifier-extension]
C/C++:    39 |     $payload.setProperty(runtime, "value", $event.value);
C/C++:       |     ^
C/C++: /Users/nhfd_dev_mac/projects/nhcfr-wellness-app/node_modules/@react-native-community/slider/android/build/generated/source/codegen/jni/react/renderer/components/RNCSlider/EventEmitters.cpp:39:44: warning: '$' in identifier [-Wdollar-in-identifier-extension]
C/C++:    39 |     $payload.setProperty(runtime, "value", $event.value);
C/C++:       |                                            ^
C/C++: /Users/nhfd_dev_mac/projects/nhcfr-wellness-app/node_modules/@react-native-community/slider/android/build/generated/source/codegen/jni/react/renderer/components/RNCSlider/EventEmitters.cpp:40:1: warning: '$' in identifier [-Wdollar-in-identifier-extension]
C/C++:    40 | $payload.setProperty(runtime, "fromUser", $event.fromUser);
C/C++:       | ^
C/C++: /Users/nhfd_dev_mac/projects/nhcfr-wellness-app/node_modules/@react-native-community/slider/android/build/generated/source/codegen/jni/react/renderer/components/RNCSlider/EventEmitters.cpp:40:43: warning: '$' in identifier [-Wdollar-in-identifier-extension]
C/C++:    40 | $payload.setProperty(runtime, "fromUser", $event.fromUser);
C/C++:       |                                           ^
C/C++: /Users/nhfd_dev_mac/projects/nhcfr-wellness-app/node_modules/@react-native-community/slider/android/build/generated/source/codegen/jni/react/renderer/components/RNCSlider/EventEmitters.cpp:41:12: warning: '$' in identifier [-Wdollar-in-identifier-extension]
C/C++:    41 |     return $payload;
C/C++:       |            ^
C/C++: /Users/nhfd_dev_mac/projects/nhcfr-wellness-app/node_modules/@react-native-community/slider/android/build/generated/source/codegen/jni/react/renderer/components/RNCSlider/EventEmitters.cpp:46:75: warning: '$' in identifier [-Wdollar-in-identifier-extension]
C/C++:    46 | void RNCSliderEventEmitter::onRNCSliderValueChange(OnRNCSliderValueChange $event) const {
C/C++:       |                                                                           ^
C/C++: /Users/nhfd_dev_mac/projects/nhcfr-wellness-app/node_modules/@react-native-community/slider/android/build/generated/source/codegen/jni/react/renderer/components/RNCSlider/EventEmitters.cpp:47:42: warning: '$' in identifier [-Wdollar-in-identifier-extension]
C/C++:    47 |   dispatchEvent("rNCSliderValueChange", [$event=std::move($event)](jsi::Runtime &runtime) {
C/C++:       |                                          ^
C/C++: /Users/nhfd_dev_mac/projects/nhcfr-wellness-app/node_modules/@react-native-community/slider/android/build/generated/source/codegen/jni/react/renderer/components/RNCSlider/EventEmitters.cpp:47:59: warning: '$' in identifier [-Wdollar-in-identifier-extension]
C/C++:    47 |   dispatchEvent("rNCSliderValueChange", [$event=std::move($event)](jsi::Runtime &runtime) {
C/C++:       |                                                           ^
C/C++: /Users/nhfd_dev_mac/projects/nhcfr-wellness-app/node_modules/@react-native-community/slider/android/build/generated/source/codegen/jni/react/renderer/components/RNCSlider/EventEmitters.cpp:48:10: warning: '$' in identifier [-Wdollar-in-identifier-extension]
C/C++:    48 |     auto $payload = jsi::Object(runtime);
C/C++:       |          ^
C/C++: /Users/nhfd_dev_mac/projects/nhcfr-wellness-app/node_modules/@react-native-community/slider/android/build/generated/source/codegen/jni/react/renderer/components/RNCSlider/EventEmitters.cpp:49:5: warning: '$' in identifier [-Wdollar-in-identifier-extension]
C/C++:    49 |     $payload.setProperty(runtime, "value", $event.value);
C/C++:       |     ^
C/C++: /Users/nhfd_dev_mac/projects/nhcfr-wellness-app/node_modules/@react-native-community/slider/android/build/generated/source/codegen/jni/react/renderer/components/RNCSlider/EventEmitters.cpp:49:44: warning: '$' in identifier [-Wdollar-in-identifier-extension]
C/C++:    49 |     $payload.setProperty(runtime, "value", $event.value);
C/C++:       |                                            ^
C/C++: /Users/nhfd_dev_mac/projects/nhcfr-wellness-app/node_modules/@react-native-community/slider/android/build/generated/source/codegen/jni/react/renderer/components/RNCSlider/EventEmitters.cpp:50:1: warning: '$' in identifier [-Wdollar-in-identifier-extension]
C/C++:    50 | $payload.setProperty(runtime, "fromUser", $event.fromUser);
C/C++:       | ^
C/C++: /Users/nhfd_dev_mac/projects/nhcfr-wellness-app/node_modules/@react-native-community/slider/android/build/generated/source/codegen/jni/react/renderer/components/RNCSlider/EventEmitters.cpp:50:43: warning: '$' in identifier [-Wdollar-in-identifier-extension]
C/C++:    50 | $payload.setProperty(runtime, "fromUser", $event.fromUser);
C/C++:       |                                           ^
C/C++: /Users/nhfd_dev_mac/projects/nhcfr-wellness-app/node_modules/@react-native-community/slider/android/build/generated/source/codegen/jni/react/renderer/components/RNCSlider/EventEmitters.cpp:51:12: warning: '$' in identifier [-Wdollar-in-identifier-extension]
C/C++:    51 |     return $payload;
C/C++:       |            ^
C/C++: 36 warnings generated.

> Task :app:mergeDebugJniLibFolders
> Task :expo:mergeDebugJniLibFolders
> Task :expo:mergeDebugNativeLibs NO-SOURCE
> Task :expo-asset:mergeDebugJniLibFolders
> Task :expo:copyDebugJniLibsProjectOnly
> Task :expo-asset:mergeDebugNativeLibs NO-SOURCE
> Task :expo-asset:copyDebugJniLibsProjectOnly
> Task :expo-constants:mergeDebugJniLibFolders
> Task :expo-constants:mergeDebugNativeLibs NO-SOURCE
> Task :expo-constants:copyDebugJniLibsProjectOnly
> Task :expo-file-system:mergeDebugJniLibFolders
> Task :expo-file-system:mergeDebugNativeLibs NO-SOURCE
> Task :expo-file-system:copyDebugJniLibsProjectOnly
> Task :expo-font:mergeDebugJniLibFolders
> Task :expo-font:mergeDebugNativeLibs NO-SOURCE
> Task :expo-font:copyDebugJniLibsProjectOnly
> Task :expo-keep-awake:mergeDebugJniLibFolders
> Task :expo-keep-awake:mergeDebugNativeLibs NO-SOURCE
> Task :expo-keep-awake:copyDebugJniLibsProjectOnly
> Task :expo-modules-core:configureCMakeDebug[arm64-v8a]
> Task :expo-modules-core:buildCMakeDebug[arm64-v8a]
> Task :expo-modules-core:configureCMakeDebug[armeabi-v7a]
> Task :expo-modules-core:buildCMakeDebug[armeabi-v7a]
> Task :expo-modules-core:configureCMakeDebug[x86]
> Task :expo-modules-core:buildCMakeDebug[x86]
> Task :expo-modules-core:configureCMakeDebug[x86_64]
> Task :expo-modules-core:buildCMakeDebug[x86_64]
> Task :expo-modules-core:mergeDebugJniLibFolders
> Task :react-native-async-storage_async-storage:mergeDebugJniLibFolders
> Task :react-native-async-storage_async-storage:mergeDebugNativeLibs NO-SOURCE
> Task :react-native-async-storage_async-storage:copyDebugJniLibsProjectOnly
> Task :react-native-community_blur:mergeDebugJniLibFolders
> Task :react-native-community_blur:mergeDebugNativeLibs NO-SOURCE
> Task :react-native-community_blur:copyDebugJniLibsProjectOnly
> Task :react-native-community_datetimepicker:mergeDebugJniLibFolders
> Task :react-native-community_datetimepicker:mergeDebugNativeLibs NO-SOURCE
> Task :react-native-community_datetimepicker:copyDebugJniLibsProjectOnly
> Task :react-native-community_slider:mergeDebugJniLibFolders
> Task :react-native-community_slider:mergeDebugNativeLibs NO-SOURCE
> Task :react-native-community_slider:copyDebugJniLibsProjectOnly
> Task :react-native-gesture-handler:configureCMakeDebug[arm64-v8a]
> Task :expo-modules-core:mergeDebugNativeLibs
> Task :react-native-gesture-handler:buildCMakeDebug[arm64-v8a]
> Task :react-native-gesture-handler:configureCMakeDebug[armeabi-v7a]
> Task :expo-modules-core:copyDebugJniLibsProjectOnly
> Task :react-native-gesture-handler:buildCMakeDebug[armeabi-v7a]
> Task :react-native-gesture-handler:configureCMakeDebug[x86]
> Task :react-native-gesture-handler:buildCMakeDebug[x86]
> Task :react-native-gesture-handler:configureCMakeDebug[x86_64]
> Task :react-native-gesture-handler:buildCMakeDebug[x86_64]
> Task :react-native-gesture-handler:mergeDebugJniLibFolders
> Task :react-native-image-picker:mergeDebugJniLibFolders
> Task :react-native-image-picker:mergeDebugNativeLibs NO-SOURCE
> Task :react-native-image-picker:copyDebugJniLibsProjectOnly
> Task :react-native-linear-gradient:mergeDebugJniLibFolders
> Task :react-native-linear-gradient:mergeDebugNativeLibs NO-SOURCE
> Task :react-native-linear-gradient:copyDebugJniLibsProjectOnly
> Task :react-native-permissions:mergeDebugJniLibFolders
> Task :react-native-permissions:mergeDebugNativeLibs NO-SOURCE
> Task :react-native-permissions:copyDebugJniLibsProjectOnly
> Task :react-native-reanimated:mergeDebugJniLibFolders
> Task :react-native-safe-area-context:mergeDebugJniLibFolders
> Task :react-native-safe-area-context:mergeDebugNativeLibs NO-SOURCE
> Task :react-native-safe-area-context:copyDebugJniLibsProjectOnly
> Task :react-native-gesture-handler:mergeDebugNativeLibs
> Task :react-native-screens:configureCMakeDebug[arm64-v8a]
> Task :react-native-gesture-handler:copyDebugJniLibsProjectOnly
> Task :react-native-reanimated:mergeDebugNativeLibs
> Task :react-native-screens:buildCMakeDebug[arm64-v8a]
> Task :react-native-screens:configureCMakeDebug[armeabi-v7a]
> Task :react-native-reanimated:copyDebugJniLibsProjectOnly
> Task :react-native-screens:buildCMakeDebug[armeabi-v7a]
> Task :react-native-screens:configureCMakeDebug[x86]
> Task :react-native-screens:buildCMakeDebug[x86]
> Task :react-native-screens:configureCMakeDebug[x86_64]
> Task :react-native-screens:buildCMakeDebug[x86_64]
> Task :react-native-screens:mergeDebugJniLibFolders
> Task :react-native-svg:mergeDebugJniLibFolders
> Task :react-native-svg:mergeDebugNativeLibs NO-SOURCE
> Task :react-native-svg:copyDebugJniLibsProjectOnly
> Task :react-native-vector-icons:mergeDebugJniLibFolders
> Task :react-native-vector-icons:mergeDebugNativeLibs NO-SOURCE
> Task :react-native-vector-icons:copyDebugJniLibsProjectOnly
> Task :react-native-video:mergeDebugJniLibFolders
> Task :react-native-video:mergeDebugNativeLibs NO-SOURCE
> Task :react-native-video:copyDebugJniLibsProjectOnly
> Task :react-native-webview:mergeDebugJniLibFolders
> Task :react-native-webview:mergeDebugNativeLibs NO-SOURCE
> Task :react-native-webview:copyDebugJniLibsProjectOnly
> Task :app:validateSigningDebug
> Task :app:writeDebugAppMetadata
> Task :app:writeDebugSigningConfigVersions
> Task :react-native-screens:mergeDebugNativeLibs
> Task :react-native-screens:copyDebugJniLibsProjectOnly
> Task :app:mergeDebugNativeLibs
> Task :app:stripDebugDebugSymbols
> Task :app:packageDebug
> Task :app:createDebugApkListingFileRedirect

> Task :app:installDebug
Installing APK 'app-debug.apk' on 'Medium_Phone_API_36(AVD) - 16' for :app:debug
Installed on 1 device.

[Incubating] Problems report is available at: file:///Users/nhfd_dev_mac/projects/nhcfr-wellness-app/android/build/reports/problems/problems-report.html

Deprecated Gradle features were used in this build, making it incompatible with Gradle 9.0.

You can use '--warning-mode all' to show the individual deprecation warnings and determine if they come from your own scripts or plugins.

For more on this, please refer to https://docs.gradle.org/8.12/userguide/command_line_interface.html#sec:command_line_warnings in the Gradle documentation.

BUILD SUCCESSFUL in 2m 16s
579 actionable tasks: 564 executed, 15 up-to-date
info Connecting to the development server...
info Starting the app on "emulator-5554"...
Starting: Intent { act=android.intent.action.MAIN cat=[android.intent.category.LAUNCHER] cmp=com.firefighterwellnessapp/.MainActivity }
